address,price,link,bed,bath,sqft,type,latlng
207-1545 E 2nd Avenue,398000,https://www.rew.ca/properties/R2227910/207-1545-e-2nd-avenue-vancouver-bc,1,1,602,Apt/Condo,
772 E 37th Avenue,1580000,https://www.rew.ca/properties/R2227935/772-e-37th-avenue-vancouver-bc,7,3,2184,House,"(49.2372347, -123.1016318)"
1207-788 Richards Street,800000,https://www.rew.ca/properties/R2228355/1207-788-richards-street-vancouver-bc,1,1,617,Apt/Condo,
28 E 60th Avenue,2388000,https://www.rew.ca/properties/R2228401/28-e-60th-avenue-vancouver-bc,8,6,2962,House,"(49.2157584, -123.0971635)"
309-2565 Maple Street,1998000,https://www.rew.ca/properties/R2228225/309-2565-maple-street-vancouver-bc,3,3,1573,Apt/Condo,
2095 W 35th Avenue,6388900,https://www.rew.ca/properties/R2206749/2095-w-35th-avenue-vancouver-bc,4,5,5827,House,"(49.2399548, -123.1394088)"
307-1088 Quebec Street,1298000,https://www.rew.ca/properties/R2228357/307-1088-quebec-street-vancouver-bc,2,2,1244,Apt/Condo,
208-1099 E Broadway,598800,https://www.rew.ca/properties/R2228542/208-1099-e-broadway-vancouver-bc,2,1,779,Apt/Condo,
4353 Fleming Street,1105000,https://www.rew.ca/properties/R2228382/4353-fleming-street-vancouver-bc,3,3,1100,Townhouse,"(49.2190154, -123.0739745)"
227 E 62nd Avenue,1399500,https://www.rew.ca/properties/R2228475/227-e-62nd-avenue-vancouver-bc,5,2,2124,House,"(49.2137117, -123.0702319)"
972 W 16th Avenue,615000,https://www.rew.ca/properties/R2228772/972-w-16th-avenue-vancouver-bc,2,1,706,Townhouse,"(49.2572555, -123.1507802)"
1507-1295 Richards Street,650000,https://www.rew.ca/properties/R2228775/1507-1295-richards-street-vancouver-bc,1,1,550,Apt/Condo,
402-5488 Cecil Street,529888,https://www.rew.ca/properties/R2228716/402-5488-cecil-street-vancouver-bc,1,1,654,Apt/Condo,
PH5-688 E 17th Avenue,669000,https://www.rew.ca/properties/R2228731/ph5-688-e-17th-avenue-vancouver-bc,2,1,753,Apt/Condo,
202-2181 W 12th Avenue,1388000,https://www.rew.ca/properties/R2228670/202-2181-w-12th-avenue-vancouver-bc,3,2,1237,Apt/Condo,
1001-1277 Melville Street,1980000,https://www.rew.ca/properties/R2228828/1001-1277-melville-street-vancouver-bc,2,2,1335,Apt/Condo,
4886 Commercial Street,1565000,https://www.rew.ca/properties/R2228818/4886-commercial-street-vancouver-bc,4,3,2449,House,"(49.2403907, -123.0676856)"
208-6555 Victoria Drive,449000,https://www.rew.ca/properties/R2228925/208-6555-victoria-drive-vancouver-bc,1,1,566,Apt/Condo,
3210 Clive Avenue,2990000,https://www.rew.ca/properties/R2229322/3210-clive-avenue-vancouver-bc,0,0,2971,House,"(49.2390034, -123.035104)"
105-774 Great Northern Way,429900,https://www.rew.ca/properties/R2229081/105-774-great-northern-way-vancouver-bc,1,1,614,Apt/Condo,
PH6-2763 Chandlery Place,575000,https://www.rew.ca/properties/R2227825/ph6-2763-chandlery-place-vancouver-bc,2,2,779,Apt/Condo,
5198 Chambers Street,859000,https://www.rew.ca/properties/R2228864/5198-chambers-street-vancouver-bc,2,2,841,Townhouse,"(49.2373727, -123.0530025)"
3708 W 35th Avenue,6980000,https://www.rew.ca/properties/R2226315/3708-w-35th-avenue-vancouver-bc,6,7,4035,House,"(49.2399548, -123.1394088)"
2-815 Chilco Street,2200000,https://www.rew.ca/properties/R2226668/2-815-chilco-street-vancouver-bc,2,2,2070,Apt/Condo,"(49.2937323, -123.1378571)"
4006 W 34th Avenue,4980000,https://www.rew.ca/properties/R2226360/4006-w-34th-avenue-vancouver-bc,6,4,3961,House,"(49.2411999, -123.1556669)"
1010-3281 E Kent Avenue North,850000,https://www.rew.ca/properties/R2227256/1010-3281-e-kent-avenue-north-vancouver-bc,2,2,951,Apt/Condo,
326-2239 Kingsway,759999,https://www.rew.ca/properties/R2226991/326-2239-kingsway-vancouver-bc,2,2,883,Apt/Condo,
204-283 Davie Street,1175000,https://www.rew.ca/properties/R2227109/204-283-davie-street-vancouver-bc,2,2,1258,Apt/Condo,
2526 SE Marine Drive,1988800,https://www.rew.ca/properties/R2227254/2526-se-marine-drive-vancouver-bc,6,6,3344,House,"(49.2109937, -123.0752063)"
1576 W 47th Avenue,4268000,https://www.rew.ca/properties/R2227193/1576-w-47th-avenue-vancouver-bc,5,3,4146,House,"(49.229064, -123.1601394)"
302-874 W 6th Avenue,775000,https://www.rew.ca/properties/R2227381/302-874-w-6th-avenue-vancouver-bc,2,2,1001,Apt/Condo,
3351 Church Street,1588000,https://www.rew.ca/properties/R2227459/3351-church-street-vancouver-bc,6,3,1769,House,"(49.2336028, -123.0323052)"
759 E 63rd Avenue,1799000,https://www.rew.ca/properties/R2227111/759-e-63rd-avenue-vancouver-bc,6,4,2276,House,"(49.2130079, -123.0910906)"
2765 W 8th Avenue,2499999,https://www.rew.ca/properties/R2227616/2765-w-8th-avenue-vancouver-bc,5,2,2301,House,"(49.2652941, -123.1906275)"
1-274 W 62nd Avenue,1699900,https://www.rew.ca/properties/R2227538/1-274-w-62nd-avenue-vancouver-bc,3,3,1735,Townhouse,"(49.2141037, -123.1171076)"
906-1570 W 7th Avenue,599000,https://www.rew.ca/properties/R2227721/906-1570-w-7th-avenue-vancouver-bc,1,1,778,Apt/Condo,
5039 Payne Street,4188000,https://www.rew.ca/properties/R2227649/5039-payne-street-vancouver-bc,0,0,0,Land/Lot,"(49.2396445, -123.029106)"
105-8772 SW Marine Drive,448000,https://www.rew.ca/properties/R2227779/105-8772-sw-marine-drive-vancouver-bc,1,1,705,Apt/Condo,
1901-1328 W Pender Street,999000,https://www.rew.ca/properties/R2225169/1901-1328-w-pender-street-vancouver-bc,2,2,860,Apt/Condo,
1702-1082 Seymour Street,798000,https://www.rew.ca/properties/R2225170/1702-1082-seymour-street-vancouver-bc,1,1,708,Apt/Condo,
518 Smithe Street,1199000,https://www.rew.ca/properties/R2225219/518-smithe-street-vancouver-bc,2,2,1161,Townhouse,"(49.2790983, -123.119859)"
3750 Welwyn Street,1170000,https://www.rew.ca/properties/R2225347/3750-welwyn-street-vancouver-bc,2,2,1382,Townhouse,"(49.2524999, -123.0693676)"
2954 W 14th Avenue,2488000,https://www.rew.ca/properties/R2225535/2954-w-14th-avenue-vancouver-bc,3,2,2300,House,"(49.259107, -123.1507102)"
406-1159 Main Street,980000,https://www.rew.ca/properties/R2225494/406-1159-main-street-vancouver-bc,2,2,1073,Apt/Condo,
1184 E 11th Avenue,1479000,https://www.rew.ca/properties/R2225673/1184-e-11th-avenue-vancouver-bc,3,4,1517,Duplex,"(49.2611558, -123.1035771)"
3293 W 13th Avenue,3388000,https://www.rew.ca/properties/R2225507/3293-w-13th-avenue-vancouver-bc,5,5,2966,House,"(49.2600625, -123.1530958)"
1022 Odlum Drive,1850000,https://www.rew.ca/properties/R2225697/1022-odlum-drive-vancouver-bc,3,1,2386,House,"(49.2740141, -123.0758976)"
3587 Mayfair Avenue,3250000,https://www.rew.ca/properties/R2226034/3587-mayfair-avenue-vancouver-bc,3,2,1807,House,"(49.2368948, -123.1820003)"
2168 Renfrew Street,2500000,https://www.rew.ca/properties/R2225976/2168-renfrew-street-vancouver-bc,5,2,1447,House,"(49.258452, -123.0443307)"
303-1480 Howe Street,650000,https://www.rew.ca/properties/R2226140/303-1480-howe-street-vancouver-bc,1,1,400,Apt/Condo,
130-2390 Mcgill Street,600000,https://www.rew.ca/properties/R2226007/130-2390-mcgill-street-vancouver-bc,1,1,780,Apt/Condo,
865 W 60th Avenue,3288000,https://www.rew.ca/properties/R2226344/865-w-60th-avenue-vancouver-bc,5,6,3051,House,"(49.2171748, -123.1518433)"
301-1990 W 6th Avenue,718000,https://www.rew.ca/properties/R2226200/301-1990-w-6th-avenue-vancouver-bc,1,1,774,Apt/Condo,
3001-438 Seymour Street,1200000,https://www.rew.ca/properties/R2226042/3001-438-seymour-street-vancouver-bc,2,2,851,Apt/Condo,
4691 W 9th Avenue,4780000,https://www.rew.ca/properties/R2223611/4691-w-9th-avenue-vancouver-bc,5,5,3163,House,"(49.2647169, -123.2090881)"
PH7-5555 Dunbar Street,1298000,https://www.rew.ca/properties/R2223681/ph7-5555-dunbar-street-vancouver-bc,3,2,1017,Apt/Condo,
4695 W 9th Avenue,4780000,https://www.rew.ca/properties/R2223613/4695-w-9th-avenue-vancouver-bc,5,5,3227,House,"(49.2647169, -123.2090881)"
3285 Ontario Street,2888000,https://www.rew.ca/properties/R2223823/3285-ontario-street-vancouver-bc,6,5,2003,Duplex,"(49.2556846, -123.1049901)"
201-1985 Alberni Street,1499800,https://www.rew.ca/properties/R2223772/201-1985-alberni-street-vancouver-bc,2,2,956,Apt/Condo,
929 E 57th Avenue,1798000,https://www.rew.ca/properties/R2223849/929-e-57th-avenue-vancouver-bc,7,4,2300,House,"(49.218116, -123.0739861)"
PH3306-8131 Nunavut Lane,1518000,https://www.rew.ca/properties/R2223331/ph3306-8131-nunavut-lane-vancouver-bc,2,2,1047,Apt/Condo,
3960 Nootka Street,1149900,https://www.rew.ca/properties/R2224044/3960-nootka-street-vancouver-bc,2,2,1628,House,"(49.246661, -123.0416302)"
1806-1200 Alberni Street,1098000,https://www.rew.ca/properties/R2224144/1806-1200-alberni-street-vancouver-bc,2,2,888,Apt/Condo,
4172 Salish Drive,349000,https://www.rew.ca/properties/R2224545/4172-salish-drive-vancouver-bc,5,5,4380,House,"(49.2237104, -123.1989235)"
2515 W 8th Avenue,2058000,https://www.rew.ca/properties/R2224540/2515-w-8th-avenue-vancouver-bc,3,3,1553,Duplex,"(49.2652941, -123.1906275)"
301-1978 Vine Street,529900,https://www.rew.ca/properties/R2224832/301-1978-vine-street-vancouver-bc,1,1,608,Apt/Condo,
5787 Newton Wynd,18888000,https://www.rew.ca/properties/R2224004/5787-newton-wynd-vancouver-bc,4,4,4535,House,"(49.2762503, -123.2467302)"
4143 W 13th Avenue,4288000,https://www.rew.ca/properties/R2224526/4143-w-13th-avenue-vancouver-bc,5,6,2952,House,"(49.2600625, -123.1530958)"
2511 W 8th Avenue,1928000,https://www.rew.ca/properties/R2224534/2511-w-8th-avenue-vancouver-bc,3,3,1427,Duplex,"(49.2645857, -123.1433693)"
1505 Tolmie Street,6999000,https://www.rew.ca/properties/R2224856/1505-tolmie-street-vancouver-bc,3,3,2620,House,"(49.2611598, -123.2122686)"
305 E 40th Avenue,1498000,https://www.rew.ca/properties/R2225088/305-e-40th-avenue-vancouver-bc,2,1,768,House,"(49.2338643, -123.0516843)"
303-2226 W 12th Avenue,958000,https://www.rew.ca/properties/R2221762/303-2226-w-12th-avenue-vancouver-bc,2,2,1060,Apt/Condo,
3490 Pine Crescent,35000000,https://www.rew.ca/properties/R2221970/3490-pine-crescent-vancouver-bc,6,8,12619,House,"(49.2547804, -123.1458035)"
417-1333 Hornby Street,678000,https://www.rew.ca/properties/R2221927/417-1333-hornby-street-vancouver-bc,1,1,610,Apt/Condo,
3252 Clive Avenue,2580000,https://www.rew.ca/properties/R2220994/3252-clive-avenue-vancouver-bc,0,4,2462,House,"(49.2390034, -123.035104)"
3319 W 3rd Avenue,3868000,https://www.rew.ca/properties/R2222094/3319-w-3rd-avenue-vancouver-bc,10,6,3724,House,"(49.2692572, -123.1682834)"
2233 W 13th Avenue,1499900,https://www.rew.ca/properties/R2221934/2233-w-13th-avenue-vancouver-bc,3,3,1556,Duplex,"(49.2600625, -123.1530958)"
2017 Charles Street,2299000,https://www.rew.ca/properties/R2221745/2017-charles-street-vancouver-bc,3,4,2116,House,"(49.2730401, -123.0695593)"
314-55 E Cordova Street,929000,https://www.rew.ca/properties/R2222651/314-55-e-cordova-street-vancouver-bc,1,1,1151,Apt/Condo,
219-630 E Broadway Street,540000,https://www.rew.ca/properties/R2221981/219-630-e-broadway-street-vancouver-bc,0,1,560,Apt/Condo,
701-1012 Beach Avenue,5388000,https://www.rew.ca/properties/R2222102/701-1012-beach-avenue-vancouver-bc,3,4,3532,Apt/Condo,
4661 Marguerite Street,8368000,https://www.rew.ca/properties/R2222670/4661-marguerite-street-vancouver-bc,5,6,4679,House,"(49.2357095, -123.1446809)"
TH25-338 Jervis Mews,3988000,https://www.rew.ca/properties/R2222119/th25-338-jervis-mews-vancouver-bc,3,3,2199,Townhouse,
2535 E 16th Avenue,1549000,https://www.rew.ca/properties/R2222859/2535-e-16th-avenue-vancouver-bc,3,1,1679,House,"(49.2564423, -123.0906649)"
3496 E 49th Avenue,1589800,https://www.rew.ca/properties/R2222405/3496-e-49th-avenue-vancouver-bc,4,3,2984,House,"(49.2225886, -123.0270013)"
C-1244 W 7th Avenue,1698000,https://www.rew.ca/properties/R2223137/c-1244-w-7th-avenue-vancouver-bc,2,2,1387,Townhouse,
6981 Laurel Street,5960000,https://www.rew.ca/properties/R2223278/6981-laurel-street-vancouver-bc,6,8,5100,House,"(49.2586861, -123.1243709)"
5205-1480 Howe Street,3688000,https://www.rew.ca/properties/R2159638/5205-1480-howe-street-vancouver-bc,2,3,1801,Apt/Condo,
1738 Charles Street,1959000,https://www.rew.ca/properties/R2223447/1738-charles-street-vancouver-bc,5,1,2396,House,"(49.2730401, -123.0695593)"
407 E 19th Avenue,1669000,https://www.rew.ca/properties/R2223609/407-e-19th-avenue-vancouver-bc,4,3,2151,House,"(49.2524892, -123.0601405)"
4889 Blenheim Street,3298000,https://www.rew.ca/properties/R2223428/4889-blenheim-street-vancouver-bc,6,3,2250,House,"(49.2404576, -123.1786681)"
3568 Point Grey Road,3298000,https://www.rew.ca/properties/R2223494/3568-point-grey-road-vancouver-bc,4,4,2050,Other,"(49.2714473, -123.168207)"
1296 W 6th Avenue,1080000,https://www.rew.ca/properties/R2225072/1296-w-6th-avenue-vancouver-bc,2,2,1101,Townhouse,"(49.2658476, -123.119032)"
2018 Quilchena Crescent,3850000,https://www.rew.ca/properties/R2225158/2018-quilchena-crescent-vancouver-bc,3,3,3015,House,"(49.2411951, -123.1481961)"
5029 Payne Street,4188000,https://www.rew.ca/properties/R2219586/5029-payne-street-vancouver-bc,0,0,0,Land/Lot,"(49.2396445, -123.029106)"
215 E 64th Avenue,1300000,https://www.rew.ca/properties/R2219608/215-e-64th-avenue-vancouver-bc,5,3,1512,Duplex,"(49.2124388, -123.1040362)"
601-1690 W 8th Avenue,1148900,https://www.rew.ca/properties/R2220087/601-1690-w-8th-avenue-vancouver-bc,2,2,1007,Apt/Condo,
402-1819 W 5th Avenue,2388800,https://www.rew.ca/properties/R2219389/402-1819-w-5th-avenue-vancouver-bc,2,3,1526,Apt/Condo,
204-1835 Morton Avenue,1748800,https://www.rew.ca/properties/R2219618/204-1835-morton-avenue-vancouver-bc,2,2,1508,Apt/Condo,
TH 15-550 Taylor Street,678000,https://www.rew.ca/properties/R2219638/th-15-550-taylor-street-vancouver-bc,1,1,746,Apt/Condo,
3105-1239 W Georgia Street,2098800,https://www.rew.ca/properties/R2220124/3105-1239-w-georgia-street-vancouver-bc,3,3,1457,Apt/Condo,
1811 E Kent Avenue,1688000,https://www.rew.ca/properties/R2220718/1811-e-kent-avenue-vancouver-bc,4,3,2000,House,
5023 Payne Street,4188000,https://www.rew.ca/properties/R2220325/5023-payne-street-vancouver-bc,0,0,0,Land/Lot,"(49.2396445, -123.029106)"
3354 Monmouth Avenue,2250000,https://www.rew.ca/properties/R2220859/3354-monmouth-avenue-vancouver-bc,10,7,3263,House,"(49.2396765, -123.0263334)"
1838 W 12th Avenue,1848888,https://www.rew.ca/properties/R2220651/1838-w-12th-avenue-vancouver-bc,3,3,1416,Townhouse,"(49.2605987, -123.1254183)"
6061 Churchill Street,8398000,https://www.rew.ca/properties/R2220336/6061-churchill-street-vancouver-bc,6,4,5136,House,"(49.2287888, -123.1415727)"
2162 Renfrew Street,2500000,https://www.rew.ca/properties/R2220567/2162-renfrew-street-vancouver-bc,4,3,2460,House,"(49.258452, -123.0443307)"
920-910 Beach Avenue,798000,https://www.rew.ca/properties/R2220520/920-910-beach-avenue-vancouver-bc,1,2,716,Townhouse,
5075 Payne Street,3480000,https://www.rew.ca/properties/R2220188/5075-payne-street-vancouver-bc,0,0,0,Land/Lot,"(49.2396445, -123.029106)"
4547 Perry Street,1899800,https://www.rew.ca/properties/R2221152/4547-perry-street-vancouver-bc,4,4,2329,House,"(49.247531, -123.0713124)"
3808 Fleming Street,1149000,https://www.rew.ca/properties/R2221411/3808-fleming-street-vancouver-bc,3,3,1170,Townhouse,"(49.2190154, -123.0739745)"
304-1296 W 70th Avenue,418800,https://www.rew.ca/properties/R2221376/304-1296-w-70th-avenue-vancouver-bc,1,1,704,Apt/Condo,
715-2799 Yew Street,799800,https://www.rew.ca/properties/R2221302/715-2799-yew-street-vancouver-bc,1,1,737,Apt/Condo,
3210-128 W Cordova Street,1499000,https://www.rew.ca/properties/R2227108/3210-128-w-cordova-street-vancouver-bc,2,2,1166,Apt/Condo,
3112 W 5th Avenue,2998000,https://www.rew.ca/properties/R2221139/3112-w-5th-avenue-vancouver-bc,3,2,2632,House,"(49.2671774, -123.1464857)"
421 W 59th Avenue,7388800,https://www.rew.ca/properties/R2202367/421-w-59th-avenue-vancouver-bc,7,4,3080,House,"(49.2173733, -123.1402234)"
1104-1221 Bidwell Street,628800,https://www.rew.ca/properties/R2225133/1104-1221-bidwell-street-vancouver-bc,0,1,415,Apt/Condo,
3388 Anzio Drive,3188000,https://www.rew.ca/properties/R2217020/3388-anzio-drive-vancouver-bc,9,8,4071,House,"(49.2523195, -123.0310672)"
4351 Fleming Street,1105000,https://www.rew.ca/properties/R2217859/4351-fleming-street-vancouver-bc,3,3,1090,Townhouse,"(49.2190154, -123.0739745)"
4363 Fleming Street,999000,https://www.rew.ca/properties/R2217863/4363-fleming-street-vancouver-bc,3,3,1076,House,"(49.2190154, -123.0739745)"
4361 Fleming Street,1049000,https://www.rew.ca/properties/R2217857/4361-fleming-street-vancouver-bc,3,3,1113,Townhouse,"(49.2190154, -123.0739745)"
PH1-1480 Howe Street,11888900,https://www.rew.ca/properties/R2218124/ph1-1480-howe-street-vancouver-bc,2,3,2334,Apt/Condo,
5045 Payne Street,3980000,https://www.rew.ca/properties/R2218184/5045-payne-street-vancouver-bc,0,0,0,Land/Lot,"(49.2396445, -123.029106)"
103-592 W 16th Avenue,589000,https://www.rew.ca/properties/R2218173/103-592-w-16th-avenue-vancouver-bc,1,1,625,Apt/Condo,
2894 W 24th Avenue,2488000,https://www.rew.ca/properties/R2218903/2894-w-24th-avenue-vancouver-bc,4,2,1718,House,"(49.2510285, -123.1778901)"
656 E 46th Avenue,1638000,https://www.rew.ca/properties/R2218155/656-e-46th-avenue-vancouver-bc,4,2,1793,House,"(49.2284548, -123.0516651)"
628 E 46th Avenue,2538000,https://www.rew.ca/properties/R2218163/628-e-46th-avenue-vancouver-bc,6,4,3344,House,"(49.2284548, -123.0516651)"
2017-68 Smithe Street,3380000,https://www.rew.ca/properties/R2218692/2017-68-smithe-street-vancouver-bc,2,3,1319,Apt/Condo,"(49.2774804, -123.1170514)"
2902-565 Smithe Street,3688900,https://www.rew.ca/properties/R2218685/2902-565-smithe-street-vancouver-bc,2,2,1834,Apt/Condo,
646 E 46th Avenue,2538000,https://www.rew.ca/properties/R2218144/646-e-46th-avenue-vancouver-bc,3,1,1279,House,"(49.2284548, -123.0516651)"
4794 Fraser Street,3000000,https://www.rew.ca/properties/R2218258/4794-fraser-street-vancouver-bc,9,3,2569,House,"(49.24185215, -123.089994368921)"
201-1396 Burnaby Street,788000,https://www.rew.ca/properties/R2219035/201-1396-burnaby-street-vancouver-bc,2,1,861,Apt/Condo,
6976 Wiltshire Street,10888000,https://www.rew.ca/properties/R2219091/6976-wiltshire-street-vancouver-bc,6,7,6338,House,"(49.2095636, -123.1463582)"
2701-889 Homer Street,2468000,https://www.rew.ca/properties/R2219281/2701-889-homer-street-vancouver-bc,2,2,1402,Apt/Condo,
1102-2350 W 39th Avenue,1098000,https://www.rew.ca/properties/R2218811/1102-2350-w-39th-avenue-vancouver-bc,2,2,1010,Apt/Condo,
11-4900 Cartier Street,2988000,https://www.rew.ca/properties/R2226260/11-4900-cartier-street-vancouver-bc,3,3,3059,Townhouse,
1172 Renfrew Street,1688888,https://www.rew.ca/properties/R2226334/1172-renfrew-street-vancouver-bc,5,4,2400,House,"(49.258452, -123.0443307)"
3770 W 50th Avenue,3388000,https://www.rew.ca/properties/R2219328/3770-w-50th-avenue-vancouver-bc,3,3,2535,House,"(49.2257545, -123.1333232)"
2761 Mcgill Street,2088000,https://www.rew.ca/properties/R2219315/2761-mcgill-street-vancouver-bc,9,7,3513,House,"(49.2887164, -123.0519403)"
862 Nanaimo Street,2700000,https://www.rew.ca/properties/R2215645/862-nanaimo-street-vancouver-bc,6,4,2400,House,"(49.2797529, -123.0564935)"
2202-930 Cambie Street,1200000,https://www.rew.ca/properties/R2215815/2202-930-cambie-street-vancouver-bc,2,2,1060,Apt/Condo,
801-1155 Homer Street,1293000,https://www.rew.ca/properties/R2215542/801-1155-homer-street-vancouver-bc,2,2,1078,Apt/Condo,
5525 Rhodes Street,1795000,https://www.rew.ca/properties/R2216296/5525-rhodes-street-vancouver-bc,5,3,2341,House,"(49.2338696, -123.0501775)"
2118 Renfrew Street,2500000,https://www.rew.ca/properties/R2215880/2118-renfrew-street-vancouver-bc,5,4,2409,House,"(49.258452, -123.0443307)"
2130 Renfrew Street,2500000,https://www.rew.ca/properties/R2215872/2130-renfrew-street-vancouver-bc,5,4,2400,House,"(49.258452, -123.0443307)"
4514 Langara Avenue,5288000,https://www.rew.ca/properties/R2216180/4514-langara-avenue-vancouver-bc,3,3,2650,House,"(49.2729756, -123.2103)"
1080 Douglas Crescent,8750000,https://www.rew.ca/properties/R2216347/1080-douglas-crescent-vancouver-bc,5,6,5622,House,"(49.2545246, -123.1284337)"
2683 Duke Street,1599000,https://www.rew.ca/properties/R2216444/2683-duke-street-vancouver-bc,0,0,0,Land/Lot,"(49.2386202, -123.0486867)"
3316 E 29 Avenue,1399000,https://www.rew.ca/properties/R2216566/3316-e-29-avenue-vancouver-bc,6,4,1702,House,
1232 E 11th Avenue,1480000,https://www.rew.ca/properties/R2216939/1232-e-11th-avenue-vancouver-bc,3,3,1452,Duplex,"(49.2611558, -123.1035771)"
2689 Duke Street,1599000,https://www.rew.ca/properties/R2216448/2689-duke-street-vancouver-bc,0,0,0,Land/Lot,"(49.2386202, -123.0486867)"
8150 Prince Edward Street,2888000,https://www.rew.ca/properties/R2216690/8150-prince-edward-street-vancouver-bc,8,8,4119,House,"(49.2456527, -123.0968639)"
1957 W 37th Avenue,3149800,https://www.rew.ca/properties/R2216712/1957-w-37th-avenue-vancouver-bc,7,6,3333,House,"(49.237257, -123.1161911)"
3505 E 22nd Avenue,1699888,https://www.rew.ca/properties/R2217062/3505-east-22nd-avenue-vancouver-bc,5,3,2516,House,"(49.2506089, -123.0310689)"
1312 Maple Street,2349000,https://www.rew.ca/properties/R2211329/1312-maple-street-vancouver-bc,3,3,1994,Duplex,"(49.264687, -123.1504953)"
213-5723 Collingwood Street,799000,https://www.rew.ca/properties/R2211188/213-5723-collingwood-street-vancouver-bc,2,2,969,Apt/Condo,
TH2-1107 W 7th Avenue,4388000,https://www.rew.ca/properties/R2217482/th2-1107-w-7th-avenue-vancouver-bc,2,3,2507,Townhouse,
3425 Celtic Avenue,10800000,https://www.rew.ca/properties/R2211790/3425-celtic-avenue-vancouver-bc,2,2,1200,House,"(49.217744, -123.176147)"
213-2450 Cornwall Avenue,735000,https://www.rew.ca/properties/R2211989/213-2450-cornwall-avenue-vancouver-bc,2,2,957,Apt/Condo,
3234 W 21st Avenue,9980000,https://www.rew.ca/properties/R2212126/3234-w-21st-avenue-vancouver-bc,6,7,4200,House,"(49.2537495, -123.1818552)"
1319 W 47th Avenue,4688000,https://www.rew.ca/properties/R2212444/1319-w-47th-avenue-vancouver-bc,6,4,4642,House,"(49.229064, -123.1601394)"
7430 Granville Street,1868800,https://www.rew.ca/properties/R2214464/7430-granville-street-vancouver-bc,3,3,1760,Townhouse,"(49.2670567, -123.1383573)"
2275 W 51st Avenue,2998000,https://www.rew.ca/properties/R2213756/2275-w-51st-avenue-vancouver-bc,5,4,2413,House,"(49.2249676, -123.1539913)"
1131 Homer Street,1388000,https://www.rew.ca/properties/R2212968/1131-homer-street-vancouver-bc,2,2,1129,Townhouse,"(49.2760863, -123.1223778)"
2751 Duke Street,1928000,https://www.rew.ca/properties/R2213862/2751-duke-street-vancouver-bc,6,4,2015,House,"(49.2386202, -123.0486867)"
5606-1480 Howe Street,3788000,https://www.rew.ca/properties/R2212859/5606-1480-howe-street-vancouver-bc,2,3,1850,Apt/Condo,
1496 West 58th Avenue,1838800,https://www.rew.ca/properties/R2214465/1496-west-58th-avenue-vancouver-bc,3,3,1644,Townhouse,"(49.2177862, -123.1145841)"
2003-777 Richards Street,788000,https://www.rew.ca/properties/R2214520/2003-777-richards-street-vancouver-bc,1,1,546,Apt/Condo,
5487 Dundee Street,1250000,https://www.rew.ca/properties/R2214861/5487-dundee-street-vancouver-bc,3,3,1309,Duplex,"(49.2358524, -123.0475892)"
5485 Dundee Street,1250000,https://www.rew.ca/properties/R2214860/5485-dundee-street-vancouver-bc,3,4,1309,Duplex,"(49.2358524, -123.0475892)"
2345 Quayside Court,715000,https://www.rew.ca/properties/R2215210/2345-quayside-court-vancouver-bc,2,2,1158,Townhouse,"(49.2067003, -123.0577706)"
8525 Wiltshire Street,6280000,https://www.rew.ca/properties/R2215594/8525-wiltshire-street-vancouver-bc,7,6,4333,House,"(49.2095636, -123.1463582)"
747 E 23rd Avenue,1998000,https://www.rew.ca/properties/R2214515/747-e-23rd-avenue-vancouver-bc,6,4,2204,House,"(49.2498921, -123.07614)"
710-438 Seymour Street,579000,https://www.rew.ca/properties/R2214922/710-438-seymour-street-vancouver-bc,1,1,543,Apt/Condo,
5791 Newton Wynd,26980000,https://www.rew.ca/properties/R2205644/5791-newton-wynd-vancouver-bc,6,8,10209,House,"(49.2762503, -123.2467302)"
2020 E Broadway,1599000,https://www.rew.ca/properties/R2205472/2020-e-broadway-vancouver-bc,4,4,1509,Duplex,"(49.2621858, -123.057986)"
4925 Queensland Road,4990000,https://www.rew.ca/properties/R2204989/4925-queensland-road-vancouver-bc,2,1,2006,House,"(49.2665643, -123.2229469)"
1563 SE Marine Drive,2600000,https://www.rew.ca/properties/R2206357/1563-se-marine-drive-vancouver-bc,5,2,2300,House,"(49.2109937, -123.0752063)"
3242 Clive Avenue,2580000,https://www.rew.ca/properties/R2206895/3242-clive-avenue-vancouver-bc,0,0,2412,House,"(49.2390034, -123.035104)"
3220 Clive Avenue,2580000,https://www.rew.ca/properties/R2206869/3220-clive-avenue-vancouver-bc,0,0,2225,House,"(49.2390034, -123.035104)"
488 E 15 Avenue,1298000,https://www.rew.ca/properties/R2206043/488-e-15-avenue-vancouver-bc,4,3,1464,Duplex,
3240 Clive Avenue,2580000,https://www.rew.ca/properties/R2206887/3240-clive-avenue-vancouver-bc,0,0,2476,House,"(49.2390034, -123.035104)"
2305-289 Drake Street,1499000,https://www.rew.ca/properties/R2206949/2305-289-drake-street-vancouver-bc,2,2,1265,Apt/Condo,
3103 St. George Street,1138000,https://www.rew.ca/properties/R2207133/3103-st-george-street-vancouver-bc,3,3,1183,Duplex,"(49.2461418, -123.0941289)"
7359 Pinnacle Court,745000,https://www.rew.ca/properties/R2207367/7359-pinnacle-court-vancouver-bc,3,4,1857,Townhouse,"(49.2170006, -123.0280927)"
1602-667 Howe Street,5500000,https://www.rew.ca/properties/R2208011/1602-667-howe-street-vancouver-bc,4,4,2664,Apt/Condo,
1527 Atlas Lane,3498000,https://www.rew.ca/properties/R2208997/1527-atlas-lane-vancouver-bc,2,3,2388,Apt/Condo,
1542 W 64th Avenue,2088000,https://www.rew.ca/properties/R2208584/1542-w-64th-avenue-vancouver-bc,4,2,2105,House,"(49.2129975, -123.1307827)"
2861 W 13th Avenue,3799000,https://www.rew.ca/properties/R2209099/2861-w-13th-avenue-vancouver-bc,5,6,2827,House,"(49.2600625, -123.1530958)"
7909 Laburnum Street,3088000,https://www.rew.ca/properties/R2209988/7909-laburnum-street-vancouver-bc,3,2,2314,House,"(49.2218464, -123.1510459)"
1806-1088 Quebec Street,1790000,https://www.rew.ca/properties/R2207280/1806-1088-quebec-street-vancouver-bc,3,2,1502,Apt/Condo,
1201-1680 Bayshore Drive,1388900,https://www.rew.ca/properties/R2210200/1201-1680-bayshore-drive-vancouver-bc,2,2,1026,Apt/Condo,
6722 Fraser Street,1850000,https://www.rew.ca/properties/R2198031/6722-fraser-street-vancouver-bc,4,3,1128,Duplex,"(49.2579307, -123.0891993)"
6633 Cartier Street,14980000,https://www.rew.ca/properties/R2198934/6633-cartier-street-vancouver-bc,6,8,11867,House,"(49.2412719, -123.1369259)"
6720 Fraser Street,1850000,https://www.rew.ca/properties/R2197850/6720-fraser-street-vancouver-bc,4,3,1128,Duplex,"(49.2579307, -123.0891993)"
4608-1480 Howe Street,2450000,https://www.rew.ca/properties/R2198129/4608-1480-howe-street-vancouver-bc,2,2,1191,Apt/Condo,
3421 W 38th Avenue,4580000,https://www.rew.ca/properties/R2199509/3421-w-38th-avenue-vancouver-bc,5,5,2914,House,"(49.2362998, -123.1159542)"
1126 Wolfe Avenue,34800000,https://www.rew.ca/properties/R2200080/1126-wolfe-avenue-vancouver-bc,6,8,11019,House,"(49.2574749, -123.132667)"
3569 W King Edward Avenue,2880000,https://www.rew.ca/properties/R2200498/3569-w-king-edward-avenue-vancouver-bc,5,2,2309,House,"(49.2503729, -123.184018750652)"
PH1 NE-2220 Kingsway,1098000,https://www.rew.ca/properties/R2202093/ph1-ne-2220-kingsway-vancouver-bc,2,2,821,Apt/Condo,
4648 W 12th Avenue,4188000,https://www.rew.ca/properties/R2202750/4648-w-12th-avenue-vancouver-bc,5,3,2942,House,"(49.2605987, -123.1254183)"
5511 Dundee Street,1688000,https://www.rew.ca/properties/R2202065/5511-dundee-street-vancouver-bc,5,4,2015,House,"(49.2358524, -123.0475892)"
4208 Dunkirk Street,6688000,https://www.rew.ca/properties/R2203471/4208-dunkirk-street-vancouver-bc,5,5,3974,House,"(49.2490088, -123.1834567)"
111-6033 Gray Avenue,898000,https://www.rew.ca/properties/R2201588/111-6033-gray-avenue-vancouver-bc,2,2,892,Apt/Condo,
314-1503 W 65th Avenue,409900,https://www.rew.ca/properties/R2203348/314-1503-w-65th-avenue-vancouver-bc,0,1,467,Apt/Condo,
765 E 41st Avenue,2588000,https://www.rew.ca/properties/R2204728/765-e-41st-avenue-vancouver-bc,6,4,3171,House,"(49.2327472, -123.0756604)"
602-4900 Cartier Street,1198000,https://www.rew.ca/properties/R2204108/602-4900-cartier-street-vancouver-bc,1,2,1155,Apt/Condo,
PH-1510 W 6th Avenue,5800000,https://www.rew.ca/properties/R2205000/ph-1510-6-avenue-vancouver-bc,2,3,2378,Apt/Condo,
6193 Collingwood Street,6379000,https://www.rew.ca/properties/R2205027/6193-collingwood-street-vancouver-bc,5,7,5205,House,"(49.249006, -123.1818339)"
801-138 Athletes Way,2898000,https://www.rew.ca/properties/R2204765/801-138-athletes-way-vancouver-bc,2,2,1370,Apt/Condo,
1404-38 W 1st Avenue,1899000,https://www.rew.ca/properties/R2205310/1404-38-w-1st-avenue-vancouver-bc,3,3,1393,Apt/Condo,
2102-583 Beach Crescent,1698900,https://www.rew.ca/properties/R2210239/2102-583-beach-crescent-vancouver-bc,2,2,1151,Apt/Condo,
2018 E Broadway,1998000,https://www.rew.ca/properties/R2129105/2018-e-broadway-vancouver-bc,5,4,1518,Duplex,"(49.2621858, -123.057986)"
5202-1128 W Georgia Street,6300000,https://www.rew.ca/properties/R2131641/5202-1128-w-georgia-street-vancouver-bc,2,3,2680,Apt/Condo,
732 E 57th Avenue,2538000,https://www.rew.ca/properties/R2133777/732-e-57th-avenue-vancouver-bc,4,2,1800,House,"(49.218116, -123.0739861)"
2656 Waverley Avenue,1585000,https://www.rew.ca/properties/R2185392/2656-waverley-avenue-vancouver-bc,4,2,2070,House,"(49.227102, -123.0590932)"
3175 Point Grey Road,11788900,https://www.rew.ca/properties/R2169102/3175-point-grey-road-vancouver-bc,3,3,2312,Duplex,"(49.2714473, -123.168207)"
2611-1480 Howe Street,699000,https://www.rew.ca/properties/R2174544/2611-1480-howe-street-vancouver-bc,1,1,415,Apt/Condo,
728-666 Leg In Boot Square,1499750,https://www.rew.ca/properties/R2172052/728-666-leg-in-boot-square-vancouver-bc,3,2,1508,Apt/Condo,
987 W 70th Avenue,918000,https://www.rew.ca/properties/R2186024/987-w-70th-avenue-vancouver-bc,3,3,991,Townhouse,"(49.2085358, -123.1370827)"
50-133 Keefer Street,4688000,https://www.rew.ca/properties/R2190612/50-133-keefer-street-vancouver-bc,2,3,2181,Apt/Condo,"(49.2794677, -123.0997053)"
985 W 70th Avenue,1045000,https://www.rew.ca/properties/R2186036/985-w-70th-avenue-vancouver-bc,3,3,1130,Townhouse,"(49.2085358, -123.1370827)"
4206-1480 Howe Street,3188000,https://www.rew.ca/properties/R2195047/4206-1480-howe-street-vancouver-bc,2,3,1332,Apt/Condo,
20-135 Keefer Street,9500000,https://www.rew.ca/properties/R2190601/20-135-keefer-street-vancouver-bc,4,7,5757,Apt/Condo,"(49.2794677, -123.0997053)"
1605-2220 Kingsway,1088800,https://www.rew.ca/properties/R2194788/1605-2220-kingsway-vancouver-bc,3,2,980,Apt/Condo,
5516 Churchill Street,6588000,https://www.rew.ca/properties/R2193511/5516-churchill-street-vancouver-bc,4,3,4597,House,"(49.2287888, -123.1415727)"
1978 E 64th Avenue,1549000,https://www.rew.ca/properties/R2195138/1978-e-64th-avenue-vancouver-bc,1,1,1600,House,"(49.2124388, -123.1040362)"
3425 Knight Street,1599000,https://www.rew.ca/properties/R2197046/3425-knight-street-vancouver-bc,5,2,1418,House,"(49.2562109, -123.0759504)"
2307-5628 Birney Avenue,2680000,https://www.rew.ca/properties/R2196266/2307-5628-birney-avenue-vancouver-bc,3,2,1218,Apt/Condo,
1502-1480 Howe Street,1088900,https://www.rew.ca/properties/R2197695/1502-1480-howe-street-vancouver-bc,1,1,585,Apt/Condo,
202-1889 Alberni Street,699980,https://www.rew.ca/properties/R2229181/202-1889-alberni-street-vancouver-bc,0,1,502,Apt/Condo,
1005-1028 Barclay Street,839000,https://www.rew.ca/properties/R2229287/1005-1028-barclay-street-vancouver-bc,1,1,780,Apt/Condo,
1307-1238 Melville Street,618000,https://www.rew.ca/properties/R2229205/1307-1238-melville-street-vancouver-bc,1,1,572,Apt/Condo,
224 Waterleigh Drive,1428000,https://www.rew.ca/properties/R2229251/224-waterleigh-drive-vancouver-bc,2,3,1691,Townhouse,"(49.2154779, -123.1114659)"
3381 W 7th Avenue,2350000,https://www.rew.ca/properties/R2229248/3381-w-7th-avenue-vancouver-bc,6,3,2250,House,"(49.264854, -123.1140881)"
605-1211 Melville Street,1899000,https://www.rew.ca/properties/R2229260/605-1211-melville-street-vancouver-bc,3,3,1368,Apt/Condo,
2901-438 Seymour Street,628880,https://www.rew.ca/properties/R2229231/2901-438-seymour-street-vancouver-bc,1,1,518,Apt/Condo,
807-1188 Howe Street,828000,https://www.rew.ca/properties/R2229276/807-1188-howe-street-vancouver-bc,2,2,823,Apt/Condo,
2979 E. 29th Avenue,1598000,https://www.rew.ca/properties/R2229324/2979-e-29th-avenue-vancouver-bc,4,2,2280,House,"(49.2444652, -123.0254399)"
4183 Marguerite Street,6880000,https://www.rew.ca/properties/R2229357/4183-marguerite-street-vancouver-bc,7,6,5706,House,"(49.2357095, -123.1446809)"
1007-3281 E Kent Avenue North Avenue,928880,https://www.rew.ca/properties/R2229316/1007-3281-e-kent-avenue-north-avenue-vancouver-bc,2,2,895,Apt/Condo,
3368 W 12th Avenue,3880000,https://www.rew.ca/properties/R2229393/3368-w-12th-avenue-vancouver-bc,6,6,2861,House,"(49.2605987, -123.1254183)"
975 W 23rd Avenue,3728000,https://www.rew.ca/properties/R2229392/975-w-23rd-avenue-vancouver-bc,6,6,3100,House,"(49.2517609, -123.1581286)"
203-838 W 16th Avenue,858800,https://www.rew.ca/properties/R2229352/203-838-w-16th-avenue-vancouver-bc,2,2,961,Apt/Condo,
3830 W 20th Avenue,3088000,https://www.rew.ca/properties/R2229395/3830-w-20th-avenue-vancouver-bc,5,3,2292,House,"(49.2544791, -123.1580318)"
10-531 E 16th Avenue,1198000,https://www.rew.ca/properties/R2229462/10-531-e-16th-avenue-vancouver-bc,2,3,1087,Townhouse,"(49.2564423, -123.0906649)"
1-531 E 16th Avenue,968000,https://www.rew.ca/properties/R2229461/1-531-e-16th-avenue-vancouver-bc,2,2,967,Townhouse,"(49.2564423, -123.0906649)"
4106-777 Richards Street,1888000,https://www.rew.ca/properties/R2217588/4106-777-richards-street-vancouver-bc,2,2,1112,Apt/Condo,
8051 Chester Street,2198000,https://www.rew.ca/properties/R2093780/8051-chester-street-vancouver,7,7,3028,House,"(49.2273558, -123.0893306)"
1763 W 38th Avenue,7680000,https://www.rew.ca/properties/R2176713/1763-w-38th-avenue-vancouver-bc,5,4,4441,House,"(49.2362998, -123.1159542)"
2997 Parker Street,2498000,https://www.rew.ca/properties/R2229431/2997-parker-street-vancouver-bc,10,8,4188,House,"(49.2757144, -123.0638014)"
7-531 E 16th Avenue,638000,https://www.rew.ca/properties/R2229456/7-531-e-16th-avenue-vancouver-bc,1,1,722,Townhouse,
702-455 Beach Crescent,1598000,https://www.rew.ca/properties/R2217596/702-455-beach-crescent-vancouver-bc,2,2,1143,Apt/Condo,
208-1823 E Georgia Street,549000,https://www.rew.ca/properties/R2229026/208-1823-e-georgia-street-vancouver-bc,1,1,638,Apt/Condo,
1502-488 Helmcken Street,649900,https://www.rew.ca/properties/R2229014/1502-488-helmcken-street-vancouver-bc,2,2,712,Apt/Condo,
3102-5665 Boundary Road,1338000,https://www.rew.ca/properties/R2229034/3102-5665-boundary-road-vancouver-bc,2,2,931,Apt/Condo,
7137 Stirling Street,2988000,https://www.rew.ca/properties/R2229027/7137-stirling-street-vancouver-bc,8,7,4028,House,"(49.2198173, -123.0606746)"
2126 W 57th Avenue,9880000,https://www.rew.ca/properties/R2229052/2126-w-57th-avenue-vancouver-bc,4,8,6522,House,"(49.2190527, -123.1169164)"
2135 W 37th Avenue,5980000,https://www.rew.ca/properties/R2229085/2135-w-37th-avenue-vancouver-bc,6,8,5001,House,"(49.237257, -123.1161911)"
101-8915 Hudson Street,550000,https://www.rew.ca/properties/R2228968/101-8915-hudson-street-vancouver-bc,1,1,744,Apt/Condo,
2485 SE Marine Drive,2300000,https://www.rew.ca/properties/R2229061/2485-se-marine-drive-vancouver-bc,4,2,2576,House,"(49.20740845, -123.055970947903)"
5755 Clarendon Street,1368800,https://www.rew.ca/properties/R2228966/5755-clarendon-street-vancouver-bc,5,2,1776,House,"(49.2329536, -123.0555572)"
3906 Quesnel Drive,4058000,https://www.rew.ca/properties/R2229080/3906-quesnel-drive-vancouver-bc,5,4,2627,House,"(49.2501264, -123.1721995)"
201-7828 Granville Street,989900,https://www.rew.ca/properties/R2229139/201-7828-granville-street-vancouver-bc,2,2,859,Apt/Condo,
2301-1201 Marinaside Crescent,1488000,https://www.rew.ca/properties/R2229053/2301-1201-marinaside-crescent-vancouver-bc,2,2,970,Apt/Condo,
3930 W 17th Avenue,4280000,https://www.rew.ca/properties/R2229031/3930-w-17th-avenue-vancouver-bc,5,5,2980,House,"(49.2573291, -123.1807738)"
1002-1438 W 7th Avenue,2500000,https://www.rew.ca/properties/R2229195/1002-1438-w-7th-avenue-vancouver-bc,3,3,2749,Apt/Condo,
3608 W 35th Avenue,6480000,https://www.rew.ca/properties/R2229191/3608-w-35th-avenue-vancouver-bc,6,7,4608,House,"(49.2399548, -123.1394088)"
3106-1480 Howe Street,920000,https://www.rew.ca/properties/R2229220/3106-1480-howe-street-vancouver-bc,1,1,499,Apt/Condo,
2326 W 45th Avenue,2788000,https://www.rew.ca/properties/R2229206/2326-w-45th-avenue-vancouver-bc,6,0,2754,House,"(49.2303491, -123.1319567)"
3533 W 38th Avenue,5588888,https://www.rew.ca/properties/R2229211/3533-w-38th-avenue-vancouver-bc,6,6,3982,House,"(49.2362998, -123.1159542)"
502-5868 Agronomy Road,998000,https://www.rew.ca/properties/R2229222/502-5868-agronomy-road-vancouver-bc,2,2,1081,Apt/Condo,
1955 Alberni Street,2988900,https://www.rew.ca/properties/R2210590/1955-alberni-street-vancouver-bc,2,3,1857,Townhouse,"(49.2938113, -123.1365975)"
5880 Crown Street,2750000,https://www.rew.ca/properties/R2217777/5880-crown-street-vancouver-bc,4,5,2294,House,"(49.2579748, -123.1935529)"
5738 Wallace Street,2698000,https://www.rew.ca/properties/R2217810/5738-wallace-street-vancouver-bc,4,3,2576,House,"(49.2695957, -123.1906175)"
4378 Knight Street,849900,https://www.rew.ca/properties/R2229271/4378-knight-street-vancouver-bc,3,2,1203,Townhouse,"(49.2562109, -123.0759504)"
104-4696 W 10th Avenue,999900,https://www.rew.ca/properties/R2228838/104-4696-w-10th-avenue-vancouver-bc,2,2,1313,Townhouse,
722 W 68th Avenue,1529000,https://www.rew.ca/properties/R2228744/722-w-68th-avenue-vancouver-bc,3,3,1148,Duplex,"(49.2106152, -123.1463365)"
305-1030 W Broadway,599000,https://www.rew.ca/properties/R2228839/305-1030-w-broadway-vancouver-bc,1,1,590,Apt/Condo,
2061 E Broadway Avenue,3000000,https://www.rew.ca/properties/R2228845/2061-e-broadway-avenue-vancouver-bc,4,2,1550,House,
2083 E 48th Avenue,1695000,https://www.rew.ca/properties/R2228851/2083-e-48th-avenue-vancouver-bc,2,0,1600,House,"(49.225452, -123.0365843)"
3249 E 53rd Avenue,1980000,https://www.rew.ca/properties/R2228811/3249-e-53rd-avenue-vancouver-bc,7,4,3070,House,"(49.2211155, -123.0525808)"
6135 Commercial Street,1360000,https://www.rew.ca/properties/R2228842/6135-commercial-street-vancouver-bc,6,2,2184,House,"(49.2336123, -123.0686962)"
309-630 E Broadway,580000,https://www.rew.ca/properties/R2228969/309-630-e-broadway-vancouver-bc,1,1,634,Apt/Condo,
37 Keefer Place,699998,https://www.rew.ca/properties/R2228949/37-keefer-place-vancouver-bc,1,1,685,Townhouse,"(49.2794685, -123.1061474)"
1407-3533 Ross Drive,3588800,https://www.rew.ca/properties/R2228883/1407-3533-ross-drive-vancouver-bc,3,2,1439,Apt/Condo,
1402-2688 West Mall,1560000,https://www.rew.ca/properties/R2228856/1402-2688-west-mall-vancouver-bc,3,2,1367,Apt/Condo,
7668 Selkirk Street,2980000,https://www.rew.ca/properties/R2228776/7668-selkirk-street-vancouver-bc,6,6,2621,House,"(49.232268, -123.1334054)"
943 E 24th Avenue,1798000,https://www.rew.ca/properties/R2228737/943-e-24th-avenue-vancouver-bc,2,2,1755,House,"(49.2489823, -123.0761673)"
603-1515 Atlas Lane,1680000,https://www.rew.ca/properties/R2228947/603-1515-atlas-lane-vancouver-bc,2,2,962,Apt/Condo,
1801-590 Nicola Street,3799000,https://www.rew.ca/properties/R2228934/1801-590-nicola-street-vancouver-bc,2,2,1461,Apt/Condo,
5207 Killarney Street,1550000,https://www.rew.ca/properties/R2228900/5207-killarney-street-vancouver-bc,7,4,1864,House,"(49.2253731, -123.0456564)"
110-2390 Mcgill Street,600000,https://www.rew.ca/properties/R2226241/110-2390-mcgill-street-vancouver-bc,1,1,780,Apt/Condo,
336 E 58th Avenue,1799000,https://www.rew.ca/properties/R2228860/336-e-58th-avenue-vancouver-bc,7,5,2562,House,"(49.2172711, -123.0770464)"
2425 SE Marine Drive,2300000,https://www.rew.ca/properties/R2228824/2425-se-marine-drive-vancouver-bc,6,2,2013,House,"(49.2073789, -123.05637285)"
1010 E 21st Avenue,2375000,https://www.rew.ca/properties/R2228684/1010-e-21st-avenue-vancouver-bc,5,3,4040,House,"(49.2515199, -123.0470763)"
211-2680 W 4th Avenue,549000,https://www.rew.ca/properties/R2227756/211-2680-w-4th-avenue-vancouver-bc,1,1,650,Apt/Condo,
5635 Sherbrooke Street,1798000,https://www.rew.ca/properties/R2228940/5635-sherbrooke-street-vancouver-bc,6,4,2206,House,"(49.2218632, -123.0816137)"
512-2888 Cambie Street,589000,https://www.rew.ca/properties/R2226328/512-2888-cambie-street-vancouver-bc,0,1,479,Apt/Condo,
2662 E 52nd Avenue,1799000,https://www.rew.ca/properties/R2228480/2662-e-52nd-avenue-vancouver-bc,6,4,2456,House,"(49.2219256, -123.0525345)"
411-1283 Howe Street,584000,https://www.rew.ca/properties/R2228617/411-1283-howe-street-vancouver-bc,1,1,497,Apt/Condo,
602-1480 Howe Street,855000,https://www.rew.ca/properties/R2228593/602-1480-howe-street-vancouver-bc,1,1,530,Apt/Condo,
PH15-511 W 7th Avenue,868000,https://www.rew.ca/properties/R2228547/ph15-511-w-7th-avenue-vancouver-bc,2,2,940,Apt/Condo,
808-1283 Howe Street,594000,https://www.rew.ca/properties/R2228615/808-1283-howe-street-vancouver-bc,1,1,479,Apt/Condo,
3008 Grant Street,2698000,https://www.rew.ca/properties/R2228396/3008-grant-street-vancouver-bc,7,6,3618,House,"(49.2712195, -123.0599196)"
1849 W 35th Avenue,6999000,https://www.rew.ca/properties/R2228455/1849-w-35th-avenue-vancouver-bc,5,6,4105,House,"(49.2399548, -123.1394088)"
1953 E Broadway,2600000,https://www.rew.ca/properties/R2228483/1953-e-broadway-vancouver-bc,4,2,1600,House,"(49.26255025, -123.06486559406)"
306-4083 Cambie Street,918000,https://www.rew.ca/properties/R2228695/306-cambie-street-vancouver-bc,2,2,805,Apt/Condo,
307-4083 Cambie Street,988000,https://www.rew.ca/properties/R2228696/307-cambie-street-vancouver-bc,2,2,884,Apt/Condo,
911-188 Keefer Street,599000,https://www.rew.ca/properties/R2228654/911-188-keefer-street-vancouver-bc,1,1,563,Apt/Condo,
5009 Killarney Street,1550000,https://www.rew.ca/properties/R2228566/5009-killarney-street-vancouver-bc,5,4,2100,House,"(49.2253731, -123.0456564)"
3575 W 23rd Avenue,4188000,https://www.rew.ca/properties/R2228602/3575-w-23rd-avenue-vancouver-bc,4,5,2800,House,"(49.2517609, -123.1581286)"
2806-1408 Strathmore Mews,969000,https://www.rew.ca/properties/R2228734/2806-1408-strathmore-mews-vancouver-bc,1,1,725,Apt/Condo,
7856 Hudson Street,2390000,https://www.rew.ca/properties/R2228727/7856-hudson-street-vancouver-bc,5,4,2438,House,"(49.2550097, -123.1351923)"
1510-1050 Burrard Street,950000,https://www.rew.ca/properties/R2228779/1510-1050-burrard-street-vancouver-bc,2,2,1068,Apt/Condo,
207-1477 Fountain Way,699900,https://www.rew.ca/properties/R2227880/207-1477-fountain-way-vancouver-bc,2,2,1167,Apt/Condo,
101-1753 West 11th Avenue,2970000,https://www.rew.ca/properties/R2228799/101-1753-west-11th-avenue-vancouver-bc,3,3,1850,Apt/Condo,
508-2228 W Broadway,618800,https://www.rew.ca/properties/R2228736/508-2228-w-broadway-vancouver-bc,1,1,668,Apt/Condo,
3205 W 36th Avenue,7380000,https://www.rew.ca/properties/R2228765/3205-w-36th-avenue-vancouver-bc,5,5,4083,House,"(49.2395006, -123.1757809)"
105-677 W 41st Avenue,1288800,https://www.rew.ca/properties/R2228800/105-677-w-41st-avenue-vancouver-bc,2,2,1062,Apt/Condo,
3703-689 Abbott Street,2298000,https://www.rew.ca/properties/R2228490/3703-689-abbott-street-vancouver-bc,3,3,1665,Apt/Condo,
4520 Harriet Street,1849000,https://www.rew.ca/properties/R2227914/4520-harriet-street-vancouver-bc,5,3,2327,House,"(49.245452, -123.086592)"
5965 Arlington Street,2388000,https://www.rew.ca/properties/R2226095/5965-arlington-street-vancouver-bc,7,5,3343,House,"(49.2212628, -123.0298478)"
4830 Victoria Drive,1298000,https://www.rew.ca/properties/R2228130/4830-victoria-drive-vancouver-bc,6,2,1191,Duplex,"(49.2851337, -123.0655072)"
205-5625 Senlac Street,609900,https://www.rew.ca/properties/R2227967/205-5625-senlac-street-vancouver-bc,3,3,1402,Townhouse,
211-5625 Senlac Street,589900,https://www.rew.ca/properties/R2227993/211-5625-senlac-street-vancouver-bc,3,3,1399,Townhouse,
303-5983 Gray Avenue,1058000,https://www.rew.ca/properties/R2227906/303-5983-gray-avenue-vancouver-bc,3,3,980,Apt/Condo,
307-3281 E Kent Avenue,788000,https://www.rew.ca/properties/R2223400/307-3281-e-kent-avenue-vancouver-bc,2,2,898,Apt/Condo,
5698 Wessex Street,649900,https://www.rew.ca/properties/R2227933/5698-wessex-street-vancouver-bc,3,3,1518,Townhouse,"(49.2328053, -123.0344307)"
1804-811 Helmcken Street,895000,https://www.rew.ca/properties/R2228377/1804-811-helmcken-street-vancouver-bc,2,2,870,Apt/Condo,
528 E 55th Avenue,1399000,https://www.rew.ca/properties/R2228412/528-e-55th-avenue-vancouver-bc,5,3,2000,House,"(49.2195551, -123.0746565)"
536 E 55th Avenue,2098000,https://www.rew.ca/properties/R2228434/536-e-55th-avenue-vancouver-bc,9,7,3228,House,"(49.2195551, -123.0746565)"
2502-33 Smithe Street,1348000,https://www.rew.ca/properties/R2228329/2502-33-smithe-street-vancouver-bc,2,2,1070,Apt/Condo,
502-2028 W 11th Avenue,825000,https://www.rew.ca/properties/R2228464/502-2028-w-11th-avenue-vancouver-bc,1,1,733,Apt/Condo,
320-237 E 4th Avenue,634800,https://www.rew.ca/properties/R2228463/320-237-e-4th-avenue-vancouver-bc,1,1,791,Apt/Condo,
103-975 W 13th Avenue,449900,https://www.rew.ca/properties/R2228267/103-975-w-13th-avenue-vancouver-bc,1,1,591,Apt/Condo,
350 E 60th Avenue,1868000,https://www.rew.ca/properties/R2228497/350-e-60th-avenue-vancouver-bc,6,4,2013,House,"(49.2157584, -123.0971635)"
2736 W 13th Avenue,2620000,https://www.rew.ca/properties/R2228269/2736-w-13th-avenue-vancouver-bc,3,2,2100,House,"(49.2600625, -123.1530958)"
2959 Venables Street,1499000,https://www.rew.ca/properties/R2228290/2959-venables-street-vancouver-bc,6,5,2894,House,"(49.2766521, -123.0838086)"
SL 12-459 W 63 Avenue,2180000,https://www.rew.ca/properties/R2228078/sl-12-459-w-63-avenue-vancouver-bc,4,3,1743,Townhouse,
809 W 23rd Avenue,7200000,https://www.rew.ca/properties/R2228559/809-w-23rd-avenue-vancouver-bc,0,3,4250,Other,"(49.2517609, -123.1581286)"
2141 E Broadway,2800000,https://www.rew.ca/properties/R2228629/2141-e-broadway-vancouver-bc,7,3,1400,House,"(49.26252385, -123.061122323256)"
SL 2-459 W 63 Avenue,1999900,https://www.rew.ca/properties/R2228076/sl-2-459-w-63-avenue-vancouver-bc,3,3,1719,Townhouse,
620-5955 Birney Avenue,950000,https://www.rew.ca/properties/R2227790/620-5955-birney-avenue-vancouver-bc,2,2,947,Apt/Condo,
721 Skeena Street,1488000,https://www.rew.ca/properties/R2227948/721-skeena-street-vancouver-bc,6,2,1995,House,"(49.0815501, -123.0131804)"
109-950 Drake Street,520000,https://www.rew.ca/properties/R2228113/109-950-drake-street-vancouver-bc,1,1,436,Apt/Condo,
5937 Angus Drive,6380000,https://www.rew.ca/properties/R2227978/5937-angus-drive-vancouver-bc,4,5,4683,House,"(49.2119548, -123.1485412)"
2250 W 34th Avenue,7280000,https://www.rew.ca/properties/R2228020/2250-w-34th-avenue-vancouver-bc,5,6,5044,House,"(49.2411999, -123.1556669)"
3003-833 Seymour Street,1399000,https://www.rew.ca/properties/R2227773/3003-833-seymour-street-vancouver-bc,2,2,991,Apt/Condo,
2001-5728 Berton Avenue,1099000,https://www.rew.ca/properties/R2227875/2001-5728-berton-avenue-vancouver-bc,2,2,883,Apt/Condo,
3657 W 37th Avenue,4180000,https://www.rew.ca/properties/R2227691/3657-w-37th-avenue-vancouver-bc,3,3,2784,House,"(49.237257, -123.1161911)"
306-808 E 8th Avenue,549900,https://www.rew.ca/properties/R2227801/306-808-e-8th-avenue-vancouver-bc,1,1,610,Apt/Condo,
514 W 61st Avenue,3880000,https://www.rew.ca/properties/R2228111/514-w-61st-avenue-vancouver-bc,5,3,2744,House,"(49.2160437, -123.151213)"
105-725 W 7th Avenue,599000,https://www.rew.ca/properties/R2228273/105-725-w-7th-avenue-vancouver-bc,1,1,679,Apt/Condo,
204-2350 W 39th Avenue,1098000,https://www.rew.ca/properties/R2228288/204-2350-w-39th-avenue-vancouver-bc,2,2,1021,Apt/Condo,
4695 Duchess Street,1398000,https://www.rew.ca/properties/R2228214/4695-duchess-street-vancouver-bc,4,2,1623,House,"(49.2409179, -123.0506998)"
6930 Rupert Street,2780000,https://www.rew.ca/properties/R2228287/6930-rupert-street-vancouver-bc,6,7,3303,House,"(49.2695478, -123.0337814)"
1111-819 Hamilton Street,658000,https://www.rew.ca/properties/R2228317/1111-819-hamilton-street-vancouver-bc,1,1,631,Apt/Condo,
303-2528 Collingwood Street,839000,https://www.rew.ca/properties/R2228266/303-2528-collingwood-street-vancouver-bc,2,2,704,Apt/Condo,
2710-5665 Boundary Road,525000,https://www.rew.ca/properties/R2228195/2710-5665-boundary-road-vancouver-bc,1,1,479,Apt/Condo,
509-2055 Yukon Street,628000,https://www.rew.ca/properties/R2227846/509-2055-yukon-street-vancouver-bc,1,1,640,Apt/Condo,
302-1228 W Hastings Street,1188000,https://www.rew.ca/properties/R2227905/302-1228-w-hastings-street-vancouver-bc,2,2,800,Apt/Condo,
A303-431 Pacific Street,849000,https://www.rew.ca/properties/R2227757/a303-431-pacific-street-vancouver-bc,3,1,850,Apt/Condo,
2796 E 16th Avenue,2200000,https://www.rew.ca/properties/R2227884/2796-e-16th-avenue-vancouver-bc,5,2,1568,House,"(49.2564423, -123.0906649)"
4866 Moss Street,1698000,https://www.rew.ca/properties/R2227855/4866-moss-street-vancouver-bc,5,6,2420,House,"(49.2407665, -123.044352)"
1509-188 Keefer Street,935000,https://www.rew.ca/properties/R2227763/1509-188-keefer-street-vancouver-bc,3,2,850,Apt/Condo,
1238 Tecumseh Avenue,12888000,https://www.rew.ca/properties/R2227930/1238-tecumseh-avenue-vancouver-bc,5,4,10053,House,"(49.2564124, -123.1341127)"
1226 W 26th Avenue,6490000,https://www.rew.ca/properties/R2227980/1226-w-26th-avenue-vancouver-bc,3,3,3176,House,"(49.248138, -123.1270292)"
903-2688 West Mall,978000,https://www.rew.ca/properties/R2227953/903-2688-west-mall-vancouver-bc,2,2,995,Apt/Condo,
1603-8588 Cornish Street,1399000,https://www.rew.ca/properties/R2227689/1603-8588-cornish-street-vancouver-bc,3,2,1315,Apt/Condo,
704-822 Seymour Street,898000,https://www.rew.ca/properties/R2228031/704-822-seymour-street-vancouver-bc,2,2,826,Apt/Condo,
2008-1001 Richards Street,788000,https://www.rew.ca/properties/R2227695/2008-1001-richards-street-vancouver-bc,1,1,603,Apt/Condo,
3215 E Georgia Street,1150000,https://www.rew.ca/properties/R2227997/3215-e-georgia-street-vancouver-bc,3,2,1408,House,"(49.2782676, -123.0433665)"
105-925 W 15th Avenue,599000,https://www.rew.ca/properties/R2228060/105-925-w-15th-avenue-vancouver-bc,1,1,792,Apt/Condo,
1005-689 Abbott Street,975000,https://www.rew.ca/properties/R2228023/1005-689-abbott-street-vancouver-bc,2,2,1053,Apt/Condo,
302-1177 Hornby Street,618000,https://www.rew.ca/properties/R2228038/302-1177-hornby-street-vancouver-bc,1,1,628,Apt/Condo,
3994 W 30th Avenue,4798000,https://www.rew.ca/properties/R2227823/3994-w-30th-avenue-vancouver-bc,5,2,3266,House,"(49.2451625, -123.170225)"
1801-1003 Pacific Street,999888,https://www.rew.ca/properties/R2228067/1801-1003-pacific-street-vancouver-bc,2,1,911,Apt/Condo,
2355 E 41st Avenue,1088000,https://www.rew.ca/properties/R2228014/2355-e-41st-avenue-vancouver-bc,4,4,1548,House,"(49.2327472, -123.0756604)"
3401-499 Pacific Street,8888000,https://www.rew.ca/properties/R2227794/3401-499-pacific-street-vancouver-bc,3,4,3720,Apt/Condo,
201-1230 Comox Street,799000,https://www.rew.ca/properties/R2228068/201-1230-comox-street-vancouver-bc,2,1,783,Apt/Condo,
8407 Osler Street,1890000,https://www.rew.ca/properties/R2206965/8407-osler-street-vancouver-bc,4,2,1796,Other,"(49.2107473, -123.131548)"
328-3563 Ross Drive,1308800,https://www.rew.ca/properties/R2227463/328-3563-ross-drive-vancouver-bc,2,2,877,Apt/Condo,
2843 E 20th Avenue,1688000,https://www.rew.ca/properties/R2227476/2843-e-20th-avenue-vancouver-bc,8,3,2522,House,"(49.2525517, -123.0729676)"
1860 Graveley Street,1690000,https://www.rew.ca/properties/R2227558/1860-graveley-street-vancouver-bc,5,3,2110,House,"(49.2706122, -123.0336827)"
PH6-2220 NE Kingsway,884900,https://www.rew.ca/properties/R2227699/ph6-2220-ne-kingsway-vancouver-bc,2,2,807,Apt/Condo,
2942 E Georgia Street,1580000,https://www.rew.ca/properties/R2227621/2942-e-georgia-street-vancouver-bc,5,2,2105,House,"(49.2782676, -123.0433665)"
1169 W 73rd Avenue,999000,https://www.rew.ca/properties/R2227505/1169-w-73rd-avenue-vancouver-bc,2,2,1271,Townhouse,"(49.2042092, -123.1323914)"
2313-938 Smithe Street,1250000,https://www.rew.ca/properties/R2227705/2313-938-smithe-street-vancouver-bc,2,3,1100,Apt/Condo,
2825 E 43rd Avenue,1650000,https://www.rew.ca/properties/R2227634/2825-e-43rd-avenue-vancouver-bc,5,4,2500,House,"(49.2311565, -123.0388133)"
2-1296 Salsbury Drive,1299900,https://www.rew.ca/properties/R2227710/2-1296-salsbury-drive-vancouver-bc,2,2,882,Apt/Condo,
36-6512 Chambord Place,675000,https://www.rew.ca/properties/R2227806/36-6512-chambord-place-vancouver-bc,2,2,1125,Townhouse,
605-2851 Heather Street,1048000,https://www.rew.ca/properties/R2227728/605-2851-heather-street-vancouver-bc,2,2,919,Apt/Condo,
3870 W 17th Avenue,2490000,https://www.rew.ca/properties/R2227830/3870-w-17th-avenue-vancouver-bc,3,2,1500,House,"(49.2573291, -123.1807738)"
717-774 Great Northern Way,598888,https://www.rew.ca/properties/R2227781/717-774-great-northern-way-vancouver-bc,2,1,880,Apt/Condo,
7-3405 E 49th Avenue,698800,https://www.rew.ca/properties/R2227804/7-3405-e-49th-avenue-vancouver-bc,3,1,1067,Apt/Condo,
2838 Franklin Street,1599000,https://www.rew.ca/properties/R2227784/2838-franklin-street-vancouver-bc,7,4,2300,House,"(49.2820768, -123.0572328)"
1603-131 Regiment Square,590000,https://www.rew.ca/properties/R2227752/1603-131-regiment-square-vancouver-bc,1,1,502,Apt/Condo,
302-555 W 7th Avenue,898000,https://www.rew.ca/properties/R2226890/302-555-w-7th-avenue-vancouver-bc,1,1,822,Apt/Condo,
225-2910 E Pender Street,680000,https://www.rew.ca/properties/R2227281/225-2910-e-pender-street-vancouver-bc,2,1,1192,Apt/Condo,
3788 Maxwell Street,2588888,https://www.rew.ca/properties/R2227234/3788-maxwell-street-vancouver-bc,6,4,3135,House,"(49.2516031, -123.0701758)"
1004-8131 Nunavut Lane,928000,https://www.rew.ca/properties/R2227379/1004-8131-nunavut-lane-vancouver-bc,2,2,760,Apt/Condo,
6250 Cedarhurst Street,5980000,https://www.rew.ca/properties/R2226875/6250-cedarhurst-street-vancouver-bc,4,5,4011,House,"(49.229363, -123.1716013)"
1104-939 Homer Street,898888,https://www.rew.ca/properties/R2227389/1104-939-homer-street-vancouver-bc,2,2,888,Apt/Condo,
302-198 Aquarius Mews,1575000,https://www.rew.ca/properties/R2227309/302-198-aquarius-mews-vancouver-bc,2,2,1011,Apt/Condo,
104-2190 W 8th Avenue,679000,https://www.rew.ca/properties/R2227406/104-2190-w-8th-avenue-vancouver-bc,2,2,761,Apt/Condo,
2128 W 36th Avenue,5990000,https://www.rew.ca/properties/R2226976/2128-w-36th-avenue-vancouver-bc,6,8,5217,House,"(49.2395006, -123.1757809)"
1001-777 Richards Street,1268000,https://www.rew.ca/properties/R2226975/1001-777-richards-street-vancouver-bc,2,2,885,Apt/Condo,
568 E 59th Avenue,2398888,https://www.rew.ca/properties/R2227371/568-e-59th-avenue-vancouver-bc,8,6,3558,House,"(49.2163134, -123.0740163)"
1101-88 W 1st Avenue,1888000,https://www.rew.ca/properties/R2227508/1101-88-w-1st-avenue-vancouver-bc,3,2,1197,Apt/Condo,
304-1575 W 10th Avenue,1088000,https://www.rew.ca/properties/R2227434/304-1575-w-10th-avenue-vancouver-bc,2,2,1240,Apt/Condo,
402-3308 Vanness Avenue,638000,https://www.rew.ca/properties/R2227283/402-3308-vanness-avenue-vancouver-bc,2,2,948,Apt/Condo,
1702-867 Hamilton Street,898800,https://www.rew.ca/properties/R2227474/1702-867-hamilton-street-vancouver-bc,1,1,781,Apt/Condo,
6376 Beatrice Street,1149000,https://www.rew.ca/properties/R2227354/6376-beatrice-street-vancouver-bc,4,3,1203,Duplex,"(49.2090747, -123.0678125)"
216-1189 Howe Street,450000,https://www.rew.ca/properties/R2226963/216-1189-howe-street-vancouver-bc,0,1,415,Apt/Condo,
302-4083 Cambie Street,949000,https://www.rew.ca/properties/R2226831/302-4083-cambie-street-vancouver-bc,2,2,904,Apt/Condo,
303-1188 Quebec Street,1938000,https://www.rew.ca/properties/R2227084/303-1188-quebec-street-vancouver-bc,3,2,1805,Apt/Condo,
1143 E 10th Avenue,1778000,https://www.rew.ca/properties/R2227022/1143-e-10th-avenue-vancouver-bc,7,3,2346,House,"(49.2610164, -123.0547426)"
709-288 W 1st Avenue,1038000,https://www.rew.ca/properties/R2227091/709-288-w-1st-avenue-vancouver-bc,2,2,878,Apt/Condo,
1759 W 60th Avenue,2888000,https://www.rew.ca/properties/R2227150/1759-w-60th-avenue-vancouver-bc,2,1,2000,House,"(49.2171748, -123.1518433)"
3393 W 30th Avenue,3998000,https://www.rew.ca/properties/R2226966/3393-w-30th-avenue-vancouver-bc,4,6,3119,House,"(49.2451625, -123.170225)"
7928 Hudson Street,2888000,https://www.rew.ca/properties/R2226575/7928-hudson-street-vancouver-bc,4,4,2399,House,"(49.2550097, -123.1351923)"
658-38 Smithe Street,1350000,https://www.rew.ca/properties/R2227112/658-38-smithe-street-vancouver-bc,2,2,970,Apt/Condo,
6908 Beatrice Street,1998000,https://www.rew.ca/properties/R2226603/6908-beatrice-street-vancouver-bc,7,5,2368,House,"(49.2090747, -123.0678125)"
8207 Ash Street,2395000,https://www.rew.ca/properties/R2226780/8207-ash-street-vancouver-bc,5,3,2828,House,"(49.2654274, -123.1174214)"
303-1325 Rolston Street,698000,https://www.rew.ca/properties/R2226799/303-1325-rolston-street-vancouver-bc,1,1,554,Apt/Condo,
536 E 56th Avenue,2098000,https://www.rew.ca/properties/R2227146/536-e-56th-avenue-vancouver-bc,6,5,2680,House,"(49.2189558, -123.0527659)"
2007-928 Homer Street,699000,https://www.rew.ca/properties/R2226951/2007-928-homer-street-vancouver-bc,1,1,498,Apt/Condo,
3202-1335 Howe Street,2259900,https://www.rew.ca/properties/R2227190/3202-1335-howe-street-vancouver-bc,2,2,1090,Apt/Condo,
3003-1335 Howe Street,2839900,https://www.rew.ca/properties/R2227192/3003-1335-howe-street-vancouver-bc,2,2,1265,Apt/Condo,
8203 Strauss Drive,834900,https://www.rew.ca/properties/R2226451/8203-strauss-drive-vancouver-bc,3,3,1827,Townhouse,"(49.2108394, -123.0257136)"
7415 West Boulevard,2898000,https://www.rew.ca/properties/R2226887/7415-west-boulevard-vancouver-bc,4,3,2671,House,"(49.238134, -123.1554533)"
7187 Cypress Street,8680000,https://www.rew.ca/properties/R2226694/7187-cypress-street-vancouver-bc,6,8,5354,House,"(49.2702653, -123.147877)"
517 Drake Street,999888,https://www.rew.ca/properties/R2226928/517-drake-street-vancouver-bc,2,1,855,Townhouse,"(49.275044, -123.1260021)"
302-1226 Hamilton Street,1099000,https://www.rew.ca/properties/R2226584/302-1226-hamilton-street-vancouver-bc,2,2,975,Apt/Condo,
2404-1238 Richards Street,1799000,https://www.rew.ca/properties/R2226706/2404-1238-richards-street-vancouver-bc,2,2,1468,Apt/Condo,
2501-1335 Howe Street,3099900,https://www.rew.ca/properties/R2226937/2501-1335-howe-street-vancouver-bc,3,3,1610,Apt/Condo,
2703-1335 Howe Street,2509900,https://www.rew.ca/properties/R2226950/2703-1335-howe-street-vancouver-bc,2,2,1265,Apt/Condo,
6610 Churchill Street,6888888,https://www.rew.ca/properties/R2226906/6610-churchill-street-vancouver-bc,6,4,4930,House,"(49.2287888, -123.1415727)"
2078 Charles Street,1598000,https://www.rew.ca/properties/R2226849/2078-charles-street-vancouver-bc,0,0,1950,House,"(49.2730401, -123.0695593)"
2376 W 22nd Avenue,4568000,https://www.rew.ca/properties/R2226795/2376-w-22nd-avenue-vancouver-bc,7,6,3731,House,"(49.2526763, -123.1581036)"
3691 Point Grey Road,9998000,https://www.rew.ca/properties/R2226915/3691-point-grey-road-vancouver-bc,2,4,3709,House,"(49.2714473, -123.168207)"
217-2910 E Pender Street,675000,https://www.rew.ca/properties/R2227026/217-2910-e-pender-street-vancouver-bc,2,2,1017,Apt/Condo,
225-5777 Birney Avenue,699000,https://www.rew.ca/properties/R2226601/225-5777-birney-avenue-vancouver-bc,1,1,747,Apt/Condo,
W412-488 Kingsway,579000,https://www.rew.ca/properties/R2227029/w412-488-kingsway-vancouver-bc,2,2,853,Apt/Condo,
403-655 W 41st Avenue,769000,https://www.rew.ca/properties/R2226982/403-655-w-41st-avenue-vancouver-bc,1,1,640,Apt/Condo,
360 Smithe Street,1899900,https://www.rew.ca/properties/R2227062/360-smithe-street-vancouver-bc,3,3,1659,Townhouse,"(49.2779693, -123.1181896)"
3031 E 20th Avenue,1759000,https://www.rew.ca/properties/R2226573/3031-e-20th-avenue-vancouver-bc,6,4,2469,House,"(49.2525517, -123.0729676)"
308-2321 Scotia Street,728888,https://www.rew.ca/properties/R2226767/308-2321-scotia-street-vancouver-bc,1,1,688,Apt/Condo,
316-707 E 20th Avenue,799000,https://www.rew.ca/properties/R2226612/316-707-e-20th-avenue-vancouver-bc,2,2,865,Apt/Condo,
1578 W 62nd Avenue,2950000,https://www.rew.ca/properties/R2226604/1578-w-62nd-avenue-vancouver-bc,2,1,2352,House,"(49.2141037, -123.1171076)"
904 E 28th Avenue,1598888,https://www.rew.ca/properties/R2226341/904-e-28th-avenue-vancouver-bc,4,3,2551,House,"(49.24536, -123.0339271)"
210-1450 E 7th Avenue,474900,https://www.rew.ca/properties/R2226622/210-1450-e-7th-avenue-vancouver-bc,1,1,628,Apt/Condo,
705-3198 Riverwalk Avenue,2128900,https://www.rew.ca/properties/R2226452/705-3198-riverwalk-avenue-vancouver-bc,3,2,1742,Apt/Condo,
122-3563 Ross Drive,1368800,https://www.rew.ca/properties/R2226565/122-3563-ross-drive-vancouver-bc,2,2,877,Apt/Condo,
1108-2220 Kingsway Street,1080000,https://www.rew.ca/properties/R2226648/1108-2220-kingsway-street-vancouver-bc,3,2,992,Apt/Condo,
2701-63 Keefer Place,598888,https://www.rew.ca/properties/R2226211/2701-63-keefer-place-vancouver-bc,1,1,570,Apt/Condo,"(49.2794685, -123.1061474)"
211-1635 W 3rd Avenue,880000,https://www.rew.ca/properties/R2226631/211-1635-w-3rd-avenue-vancouver-bc,2,2,801,Apt/Condo,
506-1128 W Hastings Street,379900,https://www.rew.ca/properties/R2226501/506-1128-w-hastings-street-vancouver-bc,0,1,310,Apt/Condo,
201-36 E 14th Avenue,225000,https://www.rew.ca/properties/R2226676/201-36-e-14th-avenue-vancouver-bc,1,1,433,Apt/Condo,"(49.2577856, -123.0737161)"
606-3533 Ross Drive,1208800,https://www.rew.ca/properties/R2226571/606-3533-ross-drive-vancouver-bc,2,2,1020,Apt/Condo,
207-7620 Columbia Street,769000,https://www.rew.ca/properties/R2226514/207-7620-columbia-street-vancouver-bc,2,2,1125,Apt/Condo,
5186 Chambers Street,598800,https://www.rew.ca/properties/R2226833/5186-chambers-street-vancouver-bc,2,1,649,Townhouse,"(49.2373727, -123.0530025)"
3282 W 34th Avenue,4678000,https://www.rew.ca/properties/R2226480/3282-w-34th-avenue-vancouver-bc,7,3,3062,House,"(49.2411999, -123.1556669)"
1907-1067 Marinaside Crescent,1350000,https://www.rew.ca/properties/R2226738/1907-1067-marinaside-crescent-vancouver-bc,2,2,937,Apt/Condo,
2803-930 Cambie Street,1098000,https://www.rew.ca/properties/R2226801/2803-930-cambie-street-vancouver-bc,2,2,1074,Apt/Condo,
1505-1255 Seymour Street,699000,https://www.rew.ca/properties/R2226854/1505-1255-seymour-street-vancouver-bc,1,1,506,Apt/Condo,
308-928 Richards Street,639000,https://www.rew.ca/properties/R2226885/308-928-richards-street-vancouver-bc,1,1,561,Apt/Condo,
4452 Prince Albert Street,2899000,https://www.rew.ca/properties/R2226466/4452-prince-albert-street-vancouver-bc,9,6,3382,House,"(49.2555642, -123.08747)"
421 E 48th Avenue,1999000,https://www.rew.ca/properties/R2226493/421-e-48th-avenue-vancouver-bc,6,3,3066,House,"(49.225452, -123.0365843)"
204-2288 Newport Avenue,559000,https://www.rew.ca/properties/R2226227/204-2288-newport-avenue-vancouver-bc,2,2,940,Townhouse,
102-3530 Cambie Street,429900,https://www.rew.ca/properties/R2226254/102-3530-cambie-street-vancouver-bc,2,1,924,Apt/Condo,
3504-1011 W Cordova Street,3249000,https://www.rew.ca/properties/R2226336/3504-1011-w-cordova-street-vancouver-bc,2,2,1306,Apt/Condo,
1512 Western Crescent,15880000,https://www.rew.ca/properties/R2226400/1512-western-crescent-vancouver-bc,5,4,3713,House,"(49.2747231, -123.246971)"
106-5983 Gray Avenue,958888,https://www.rew.ca/properties/R2226294/106-5983-gray-avenue-vancouver-bc,2,2,926,Apt/Condo,
511-1633 Ontario Street,948000,https://www.rew.ca/properties/R2226427/511-1633-ontario-street-vancouver-bc,1,1,887,Apt/Condo,
4296 W 8th Avenue,14980000,https://www.rew.ca/properties/R2226413/4296-w-8th-avenue-vancouver-bc,4,4,3900,House,"(49.2652941, -123.1906275)"
401-1675 Hornby Street,1398880,https://www.rew.ca/properties/R2226435/401-1675-hornby-street-vancouver-bc,2,2,1119,Apt/Condo,
1401-38 W 1st Avenue,1599000,https://www.rew.ca/properties/R2226490/1401-38-w-1st-avenue-vancouver-bc,2,2,1182,Apt/Condo,"(49.2706716, -123.1456646)"
4961 Somerville Street,1298000,https://www.rew.ca/properties/R2226454/4961-somerville-street-vancouver-bc,3,2,1448,House,"(49.2382523, -123.0857649)"
805-888 Homer Street,965000,https://www.rew.ca/properties/R2226364/805-888-homer-street-vancouver-bc,2,2,781,Apt/Condo,
772 E 59th Avenue,1868000,https://www.rew.ca/properties/R2226410/772-e-59th-avenue-vancouver-bc,6,5,2204,House,"(49.2163134, -123.0740163)"
5490 Oak Street,2128000,https://www.rew.ca/properties/R2226513/5490-oak-street-vancouver-bc,3,4,1870,Townhouse,"(49.2512648, -123.1274697)"
PH2-5983 Gray Avenue,1248000,https://www.rew.ca/properties/R2226429/ph2-5983-gray-avenue-vancouver-bc,3,2,1180,Apt/Condo,
PH9-777 Richards Street,4588000,https://www.rew.ca/properties/R2226517/ph9-777-richards-street-vancouver-bc,4,5,2305,Apt/Condo,
3555 W King Edward Avenue,2699000,https://www.rew.ca/properties/R2226408/3555-w-king-edward-avenue-vancouver-bc,6,3,2725,House,"(49.2503785, -123.183633275517)"
2104-1335 Howe Street,3219900,https://www.rew.ca/properties/R2226564/2104-1335-howe-street-vancouver-bc,3,3,1720,Apt/Condo,
2402-1335 Howe Street,4479800,https://www.rew.ca/properties/R2226553/2402-1335-howe-street-vancouver-bc,3,4,2355,Apt/Condo,
313-1239 Kingsway,433800,https://www.rew.ca/properties/R2226508/313-1239-kingsway-vancouver-bc,1,1,536,Apt/Condo,
6485 Adera Street,4980000,https://www.rew.ca/properties/R2227208/6485-adera-street-vancouver-bc,4,4,4353,House,"(49.2163894, -123.1434213)"
6730 Laurel Street,4980000,https://www.rew.ca/properties/R2227232/6730-laurel-street-vancouver-bc,6,6,4652,House,"(49.2586861, -123.1243709)"
1722 W 68th Avenue,2998000,https://www.rew.ca/properties/R2227099/1722-w-68th-avenue-vancouver-bc,7,2,1970,House,"(49.2106152, -123.1463365)"
4230 Nautilus Close,2799800,https://www.rew.ca/properties/R2227187/4230-nautilus-close-vancouver-bc,4,4,2745,House,"(49.2689244, -123.202079)"
4673 W 8th Avenue,3680000,https://www.rew.ca/properties/R2227225/4673-w-8th-avenue-vancouver-bc,6,3,2855,House,"(49.2652941, -123.1906275)"
2393 W 6th Avenue,3800000,https://www.rew.ca/properties/R2227413/2393-w-6th-avenue-vancouver-bc,12,7,4401,House,"(49.2658476, -123.119032)"
650 E 12th Avenue,1895000,https://www.rew.ca/properties/R2227683/650-e-12th-avenue-vancouver-bc,6,4,3227,Triplex,"(49.2596708, -123.0833563)"
PH9-868 Kingsway,549900,https://www.rew.ca/properties/R2227789/ph9-868-kingsway-vancouver-bc,2,2,688,Apt/Condo,
126 W 10th Avenue,1795000,https://www.rew.ca/properties/R2227851/126-w-10th-avenue-vancouver-bc,3,3,1632,House,"(49.262554, -123.1337579)"
401 E 55th Avenue,2088000,https://www.rew.ca/properties/R2227563/401-e-55th-avenue-vancouver-bc,6,5,2537,House,"(49.2195551, -123.0746565)"
1103-1010 Howe Street,1775000,https://www.rew.ca/properties/R2227233/1103-1010-howe-street-vancouver-bc,3,2,1764,Apt/Condo,
