address,price,link,bed,bath,sqft,type
207-1545 E 2nd Avenue,"$398,000",https://www.rew.ca/properties/R2227910/207-1545-e-2nd-avenue-vancouver-bc,1,1,602,Apt/Condo
772 E 37th Avenue,"$1,580,000",https://www.rew.ca/properties/R2227935/772-e-37th-avenue-vancouver-bc,7,3,2184,House
1207-788 Richards Street,"$800,000",https://www.rew.ca/properties/R2228355/1207-788-richards-street-vancouver-bc,1,1,617,Apt/Condo
28 E 60th Avenue,"$2,388,000",https://www.rew.ca/properties/R2228401/28-e-60th-avenue-vancouver-bc,8,6,2962,House
309-2565 Maple Street,"$1,998,000",https://www.rew.ca/properties/R2228225/309-2565-maple-street-vancouver-bc,3,3,1573,Apt/Condo
2095 W 35th Avenue,"$6,388,900",https://www.rew.ca/properties/R2206749/2095-w-35th-avenue-vancouver-bc,4,5,5827,House
307-1088 Quebec Street,"$1,298,000",https://www.rew.ca/properties/R2228357/307-1088-quebec-street-vancouver-bc,2,2,1244,Apt/Condo
208-1099 E Broadway,"$598,800",https://www.rew.ca/properties/R2228542/208-1099-e-broadway-vancouver-bc,2,1,779,Apt/Condo
4353 Fleming Street,"$1,105,000",https://www.rew.ca/properties/R2228382/4353-fleming-street-vancouver-bc,3,3,1100,Townhouse
227 E 62nd Avenue,"$1,399,500",https://www.rew.ca/properties/R2228475/227-e-62nd-avenue-vancouver-bc,5,2,2124,House
972 W 16th Avenue,"$615,000",https://www.rew.ca/properties/R2228772/972-w-16th-avenue-vancouver-bc,2,1,706,Townhouse
1507-1295 Richards Street,"$650,000",https://www.rew.ca/properties/R2228775/1507-1295-richards-street-vancouver-bc,1,1,550,Apt/Condo
402-5488 Cecil Street,"$529,888",https://www.rew.ca/properties/R2228716/402-5488-cecil-street-vancouver-bc,1,1,654,Apt/Condo
PH5-688 E 17th Avenue,"$669,000",https://www.rew.ca/properties/R2228731/ph5-688-e-17th-avenue-vancouver-bc,2,1,753,Apt/Condo
202-2181 W 12th Avenue,"$1,388,000",https://www.rew.ca/properties/R2228670/202-2181-w-12th-avenue-vancouver-bc,3,2,1237,Apt/Condo
1001-1277 Melville Street,"$1,980,000",https://www.rew.ca/properties/R2228828/1001-1277-melville-street-vancouver-bc,2,2,1335,Apt/Condo
4886 Commercial Street,"$1,565,000",https://www.rew.ca/properties/R2228818/4886-commercial-street-vancouver-bc,4,3,2449,House
208-6555 Victoria Drive,"$449,000",https://www.rew.ca/properties/R2228925/208-6555-victoria-drive-vancouver-bc,1,1,566,Apt/Condo
3210 Clive Avenue,"$2,990,000",https://www.rew.ca/properties/R2229322/3210-clive-avenue-vancouver-bc,0,0,2971,House
105-774 Great Northern Way,"$429,900",https://www.rew.ca/properties/R2229081/105-774-great-northern-way-vancouver-bc,1,1,614,Apt/Condo
PH6-2763 Chandlery Place,"$575,000",https://www.rew.ca/properties/R2227825/ph6-2763-chandlery-place-vancouver-bc,2,2,779,Apt/Condo
5198 Chambers Street,"$859,000",https://www.rew.ca/properties/R2228864/5198-chambers-street-vancouver-bc,2,2,841,Townhouse
3708 W 35th Avenue,"$6,980,000",https://www.rew.ca/properties/R2226315/3708-w-35th-avenue-vancouver-bc,6,7,4035,House
2-815 Chilco Street,"$2,200,000",https://www.rew.ca/properties/R2226668/2-815-chilco-street-vancouver-bc,2,2,2070,Apt/Condo
4006 W 34th Avenue,"$4,980,000",https://www.rew.ca/properties/R2226360/4006-w-34th-avenue-vancouver-bc,6,4,3961,House
1010-3281 E Kent Avenue North,"$850,000",https://www.rew.ca/properties/R2227256/1010-3281-e-kent-avenue-north-vancouver-bc,2,2,951,Apt/Condo
326-2239 Kingsway,"$759,999",https://www.rew.ca/properties/R2226991/326-2239-kingsway-vancouver-bc,2,2,883,Apt/Condo
204-283 Davie Street,"$1,175,000",https://www.rew.ca/properties/R2227109/204-283-davie-street-vancouver-bc,2,2,1258,Apt/Condo
2526 SE Marine Drive,"$1,988,800",https://www.rew.ca/properties/R2227254/2526-se-marine-drive-vancouver-bc,6,6,3344,House
1576 W 47th Avenue,"$4,268,000",https://www.rew.ca/properties/R2227193/1576-w-47th-avenue-vancouver-bc,5,3,4146,House
302-874 W 6th Avenue,"$775,000",https://www.rew.ca/properties/R2227381/302-874-w-6th-avenue-vancouver-bc,2,2,1001,Apt/Condo
3351 Church Street,"$1,588,000",https://www.rew.ca/properties/R2227459/3351-church-street-vancouver-bc,6,3,1769,House
759 E 63rd Avenue,"$1,799,000",https://www.rew.ca/properties/R2227111/759-e-63rd-avenue-vancouver-bc,6,4,2276,House
2765 W 8th Avenue,"$2,499,999",https://www.rew.ca/properties/R2227616/2765-w-8th-avenue-vancouver-bc,5,2,2301,House
1-274 W 62nd Avenue,"$1,699,900",https://www.rew.ca/properties/R2227538/1-274-w-62nd-avenue-vancouver-bc,3,3,1735,Townhouse
906-1570 W 7th Avenue,"$599,000",https://www.rew.ca/properties/R2227721/906-1570-w-7th-avenue-vancouver-bc,1,1,778,Apt/Condo
5039 Payne Street,"$4,188,000",https://www.rew.ca/properties/R2227649/5039-payne-street-vancouver-bc,0,0,0,Land/Lot
105-8772 SW Marine Drive,"$448,000",https://www.rew.ca/properties/R2227779/105-8772-sw-marine-drive-vancouver-bc,1,1,705,Apt/Condo
1901-1328 W Pender Street,"$999,000",https://www.rew.ca/properties/R2225169/1901-1328-w-pender-street-vancouver-bc,2,2,860,Apt/Condo
1702-1082 Seymour Street,"$798,000",https://www.rew.ca/properties/R2225170/1702-1082-seymour-street-vancouver-bc,1,1,708,Apt/Condo
518 Smithe Street,"$1,199,000",https://www.rew.ca/properties/R2225219/518-smithe-street-vancouver-bc,2,2,1161,Townhouse
3750 Welwyn Street,"$1,170,000",https://www.rew.ca/properties/R2225347/3750-welwyn-street-vancouver-bc,2,2,1382,Townhouse
2954 W 14th Avenue,"$2,488,000",https://www.rew.ca/properties/R2225535/2954-w-14th-avenue-vancouver-bc,3,2,2300,House
406-1159 Main Street,"$980,000",https://www.rew.ca/properties/R2225494/406-1159-main-street-vancouver-bc,2,2,1073,Apt/Condo
1184 E 11th Avenue,"$1,479,000",https://www.rew.ca/properties/R2225673/1184-e-11th-avenue-vancouver-bc,3,4,1517,Duplex
3293 W 13th Avenue,"$3,388,000",https://www.rew.ca/properties/R2225507/3293-w-13th-avenue-vancouver-bc,5,5,2966,House
1022 Odlum Drive,"$1,850,000",https://www.rew.ca/properties/R2225697/1022-odlum-drive-vancouver-bc,3,1,2386,House
3587 Mayfair Avenue,"$3,250,000",https://www.rew.ca/properties/R2226034/3587-mayfair-avenue-vancouver-bc,3,2,1807,House
2168 Renfrew Street,"$2,500,000",https://www.rew.ca/properties/R2225976/2168-renfrew-street-vancouver-bc,5,2,1447,House
303-1480 Howe Street,"$650,000",https://www.rew.ca/properties/R2226140/303-1480-howe-street-vancouver-bc,1,1,400,Apt/Condo
130-2390 Mcgill Street,"$600,000",https://www.rew.ca/properties/R2226007/130-2390-mcgill-street-vancouver-bc,1,1,780,Apt/Condo
865 W 60th Avenue,"$3,288,000",https://www.rew.ca/properties/R2226344/865-w-60th-avenue-vancouver-bc,5,6,3051,House
301-1990 W 6th Avenue,"$718,000",https://www.rew.ca/properties/R2226200/301-1990-w-6th-avenue-vancouver-bc,1,1,774,Apt/Condo
3001-438 Seymour Street,"$1,200,000",https://www.rew.ca/properties/R2226042/3001-438-seymour-street-vancouver-bc,2,2,851,Apt/Condo
4691 W 9th Avenue,"$4,780,000",https://www.rew.ca/properties/R2223611/4691-w-9th-avenue-vancouver-bc,5,5,3163,House
PH7-5555 Dunbar Street,"$1,298,000",https://www.rew.ca/properties/R2223681/ph7-5555-dunbar-street-vancouver-bc,3,2,1017,Apt/Condo
4695 W 9th Avenue,"$4,780,000",https://www.rew.ca/properties/R2223613/4695-w-9th-avenue-vancouver-bc,5,5,3227,House
3285 Ontario Street,"$2,888,000",https://www.rew.ca/properties/R2223823/3285-ontario-street-vancouver-bc,6,5,2003,Duplex
201-1985 Alberni Street,"$1,499,800",https://www.rew.ca/properties/R2223772/201-1985-alberni-street-vancouver-bc,2,2,956,Apt/Condo
929 E 57th Avenue,"$1,798,000",https://www.rew.ca/properties/R2223849/929-e-57th-avenue-vancouver-bc,7,4,2300,House
PH3306-8131 Nunavut Lane,"$1,518,000",https://www.rew.ca/properties/R2223331/ph3306-8131-nunavut-lane-vancouver-bc,2,2,1047,Apt/Condo
3960 Nootka Street,"$1,149,900",https://www.rew.ca/properties/R2224044/3960-nootka-street-vancouver-bc,2,2,1628,House
1806-1200 Alberni Street,"$1,098,000",https://www.rew.ca/properties/R2224144/1806-1200-alberni-street-vancouver-bc,2,2,888,Apt/Condo
4172 Salish Drive,"$349,000",https://www.rew.ca/properties/R2224545/4172-salish-drive-vancouver-bc,5,5,4380,House
2515 W 8th Avenue,"$2,058,000",https://www.rew.ca/properties/R2224540/2515-w-8th-avenue-vancouver-bc,3,3,1553,Duplex
301-1978 Vine Street,"$529,900",https://www.rew.ca/properties/R2224832/301-1978-vine-street-vancouver-bc,1,1,608,Apt/Condo
5787 Newton Wynd,"$18,888,000",https://www.rew.ca/properties/R2224004/5787-newton-wynd-vancouver-bc,4,4,4535,House
4143 W 13th Avenue,"$4,288,000",https://www.rew.ca/properties/R2224526/4143-w-13th-avenue-vancouver-bc,5,6,2952,House
2511 W 8th Avenue,"$1,928,000",https://www.rew.ca/properties/R2224534/2511-w-8th-avenue-vancouver-bc,3,3,1427,Duplex
1505 Tolmie Street,"$6,999,000",https://www.rew.ca/properties/R2224856/1505-tolmie-street-vancouver-bc,3,3,2620,House
305 E 40th Avenue,"$1,498,000",https://www.rew.ca/properties/R2225088/305-e-40th-avenue-vancouver-bc,2,1,768,House
303-2226 W 12th Avenue,"$958,000",https://www.rew.ca/properties/R2221762/303-2226-w-12th-avenue-vancouver-bc,2,2,1060,Apt/Condo
3490 Pine Crescent,"$35,000,000",https://www.rew.ca/properties/R2221970/3490-pine-crescent-vancouver-bc,6,8,12619,House
417-1333 Hornby Street,"$678,000",https://www.rew.ca/properties/R2221927/417-1333-hornby-street-vancouver-bc,1,1,610,Apt/Condo
3252 Clive Avenue,"$2,580,000",https://www.rew.ca/properties/R2220994/3252-clive-avenue-vancouver-bc,0,4,2462,House
3319 W 3rd Avenue,"$3,868,000",https://www.rew.ca/properties/R2222094/3319-w-3rd-avenue-vancouver-bc,10,6,3724,House
2233 W 13th Avenue,"$1,499,900",https://www.rew.ca/properties/R2221934/2233-w-13th-avenue-vancouver-bc,3,3,1556,Duplex
2017 Charles Street,"$2,299,000",https://www.rew.ca/properties/R2221745/2017-charles-street-vancouver-bc,3,4,2116,House
314-55 E Cordova Street,"$929,000",https://www.rew.ca/properties/R2222651/314-55-e-cordova-street-vancouver-bc,1,1,1151,Apt/Condo
219-630 E Broadway Street,"$540,000",https://www.rew.ca/properties/R2221981/219-630-e-broadway-street-vancouver-bc,0,1,560,Apt/Condo
701-1012 Beach Avenue,"$5,388,000",https://www.rew.ca/properties/R2222102/701-1012-beach-avenue-vancouver-bc,3,4,3532,Apt/Condo
4661 Marguerite Street,"$8,368,000",https://www.rew.ca/properties/R2222670/4661-marguerite-street-vancouver-bc,5,6,4679,House
TH25-338 Jervis Mews,"$3,988,000",https://www.rew.ca/properties/R2222119/th25-338-jervis-mews-vancouver-bc,3,3,2199,Townhouse
2535 E 16th Avenue,"$1,549,000",https://www.rew.ca/properties/R2222859/2535-e-16th-avenue-vancouver-bc,3,1,1679,House
3496 E 49th Avenue,"$1,589,800",https://www.rew.ca/properties/R2222405/3496-e-49th-avenue-vancouver-bc,4,3,2984,House
C-1244 W 7th Avenue,"$1,698,000",https://www.rew.ca/properties/R2223137/c-1244-w-7th-avenue-vancouver-bc,2,2,1387,Townhouse
6981 Laurel Street,"$5,960,000",https://www.rew.ca/properties/R2223278/6981-laurel-street-vancouver-bc,6,8,5100,House
5205-1480 Howe Street,"$3,688,000",https://www.rew.ca/properties/R2159638/5205-1480-howe-street-vancouver-bc,2,3,1801,Apt/Condo
1738 Charles Street,"$1,959,000",https://www.rew.ca/properties/R2223447/1738-charles-street-vancouver-bc,5,1,2396,House
407 E 19th Avenue,"$1,669,000",https://www.rew.ca/properties/R2223609/407-e-19th-avenue-vancouver-bc,4,3,2151,House
4889 Blenheim Street,"$3,298,000",https://www.rew.ca/properties/R2223428/4889-blenheim-street-vancouver-bc,6,3,2250,House
3568 Point Grey Road,"$3,298,000",https://www.rew.ca/properties/R2223494/3568-point-grey-road-vancouver-bc,4,4,2050,Other
1296 W 6th Avenue,"$1,080,000",https://www.rew.ca/properties/R2225072/1296-w-6th-avenue-vancouver-bc,2,2,1101,Townhouse
2018 Quilchena Crescent,"$3,850,000",https://www.rew.ca/properties/R2225158/2018-quilchena-crescent-vancouver-bc,3,3,3015,House
5029 Payne Street,"$4,188,000",https://www.rew.ca/properties/R2219586/5029-payne-street-vancouver-bc,0,0,0,Land/Lot
215 E 64th Avenue,"$1,300,000",https://www.rew.ca/properties/R2219608/215-e-64th-avenue-vancouver-bc,5,3,1512,Duplex
601-1690 W 8th Avenue,"$1,148,900",https://www.rew.ca/properties/R2220087/601-1690-w-8th-avenue-vancouver-bc,2,2,1007,Apt/Condo
402-1819 W 5th Avenue,"$2,388,800",https://www.rew.ca/properties/R2219389/402-1819-w-5th-avenue-vancouver-bc,2,3,1526,Apt/Condo
204-1835 Morton Avenue,"$1,748,800",https://www.rew.ca/properties/R2219618/204-1835-morton-avenue-vancouver-bc,2,2,1508,Apt/Condo
TH 15-550 Taylor Street,"$678,000",https://www.rew.ca/properties/R2219638/th-15-550-taylor-street-vancouver-bc,1,1,746,Apt/Condo
3105-1239 W Georgia Street,"$2,098,800",https://www.rew.ca/properties/R2220124/3105-1239-w-georgia-street-vancouver-bc,3,3,1457,Apt/Condo
1811 E Kent Avenue,"$1,688,000",https://www.rew.ca/properties/R2220718/1811-e-kent-avenue-vancouver-bc,4,3,2000,House
5023 Payne Street,"$4,188,000",https://www.rew.ca/properties/R2220325/5023-payne-street-vancouver-bc,0,0,0,Land/Lot
3354 Monmouth Avenue,"$2,250,000",https://www.rew.ca/properties/R2220859/3354-monmouth-avenue-vancouver-bc,10,7,3263,House
1838 W 12th Avenue,"$1,848,888",https://www.rew.ca/properties/R2220651/1838-w-12th-avenue-vancouver-bc,3,3,1416,Townhouse
6061 Churchill Street,"$8,398,000",https://www.rew.ca/properties/R2220336/6061-churchill-street-vancouver-bc,6,4,5136,House
2162 Renfrew Street,"$2,500,000",https://www.rew.ca/properties/R2220567/2162-renfrew-street-vancouver-bc,4,3,2460,House
920-910 Beach Avenue,"$798,000",https://www.rew.ca/properties/R2220520/920-910-beach-avenue-vancouver-bc,1,2,716,Townhouse
5075 Payne Street,"$3,480,000",https://www.rew.ca/properties/R2220188/5075-payne-street-vancouver-bc,0,0,0,Land/Lot
4547 Perry Street,"$1,899,800",https://www.rew.ca/properties/R2221152/4547-perry-street-vancouver-bc,4,4,2329,House
3808 Fleming Street,"$1,149,000",https://www.rew.ca/properties/R2221411/3808-fleming-street-vancouver-bc,3,3,1170,Townhouse
304-1296 W 70th Avenue,"$418,800",https://www.rew.ca/properties/R2221376/304-1296-w-70th-avenue-vancouver-bc,1,1,704,Apt/Condo
715-2799 Yew Street,"$799,800",https://www.rew.ca/properties/R2221302/715-2799-yew-street-vancouver-bc,1,1,737,Apt/Condo
3210-128 W Cordova Street,"$1,499,000",https://www.rew.ca/properties/R2227108/3210-128-w-cordova-street-vancouver-bc,2,2,1166,Apt/Condo
3112 W 5th Avenue,"$2,998,000",https://www.rew.ca/properties/R2221139/3112-w-5th-avenue-vancouver-bc,3,2,2632,House
421 W 59th Avenue,"$7,388,800",https://www.rew.ca/properties/R2202367/421-w-59th-avenue-vancouver-bc,7,4,3080,House
1104-1221 Bidwell Street,"$628,800",https://www.rew.ca/properties/R2225133/1104-1221-bidwell-street-vancouver-bc,0,1,415,Apt/Condo
3388 Anzio Drive,"$3,188,000",https://www.rew.ca/properties/R2217020/3388-anzio-drive-vancouver-bc,9,8,4071,House
4351 Fleming Street,"$1,105,000",https://www.rew.ca/properties/R2217859/4351-fleming-street-vancouver-bc,3,3,1090,Townhouse
4363 Fleming Street,"$999,000",https://www.rew.ca/properties/R2217863/4363-fleming-street-vancouver-bc,3,3,1076,House
4361 Fleming Street,"$1,049,000",https://www.rew.ca/properties/R2217857/4361-fleming-street-vancouver-bc,3,3,1113,Townhouse
PH1-1480 Howe Street,"$11,888,900",https://www.rew.ca/properties/R2218124/ph1-1480-howe-street-vancouver-bc,2,3,2334,Apt/Condo
5045 Payne Street,"$3,980,000",https://www.rew.ca/properties/R2218184/5045-payne-street-vancouver-bc,0,0,0,Land/Lot
103-592 W 16th Avenue,"$589,000",https://www.rew.ca/properties/R2218173/103-592-w-16th-avenue-vancouver-bc,1,1,625,Apt/Condo
2894 W 24th Avenue,"$2,488,000",https://www.rew.ca/properties/R2218903/2894-w-24th-avenue-vancouver-bc,4,2,1718,House
656 E 46th Avenue,"$1,638,000",https://www.rew.ca/properties/R2218155/656-e-46th-avenue-vancouver-bc,4,2,1793,House
628 E 46th Avenue,"$2,538,000",https://www.rew.ca/properties/R2218163/628-e-46th-avenue-vancouver-bc,6,4,3344,House
2017-68 Smithe Street,"$3,380,000",https://www.rew.ca/properties/R2218692/2017-68-smithe-street-vancouver-bc,2,3,1319,Apt/Condo
2902-565 Smithe Street,"$3,688,900",https://www.rew.ca/properties/R2218685/2902-565-smithe-street-vancouver-bc,2,2,1834,Apt/Condo
646 E 46th Avenue,"$2,538,000",https://www.rew.ca/properties/R2218144/646-e-46th-avenue-vancouver-bc,3,1,1279,House
4794 Fraser Street,"$3,000,000",https://www.rew.ca/properties/R2218258/4794-fraser-street-vancouver-bc,9,3,2569,House
201-1396 Burnaby Street,"$788,000",https://www.rew.ca/properties/R2219035/201-1396-burnaby-street-vancouver-bc,2,1,861,Apt/Condo
6976 Wiltshire Street,"$10,888,000",https://www.rew.ca/properties/R2219091/6976-wiltshire-street-vancouver-bc,6,7,6338,House
2701-889 Homer Street,"$2,468,000",https://www.rew.ca/properties/R2219281/2701-889-homer-street-vancouver-bc,2,2,1402,Apt/Condo
1102-2350 W 39th Avenue,"$1,098,000",https://www.rew.ca/properties/R2218811/1102-2350-w-39th-avenue-vancouver-bc,2,2,1010,Apt/Condo
11-4900 Cartier Street,"$2,988,000",https://www.rew.ca/properties/R2226260/11-4900-cartier-street-vancouver-bc,3,3,3059,Townhouse
1172 Renfrew Street,"$1,688,888",https://www.rew.ca/properties/R2226334/1172-renfrew-street-vancouver-bc,5,4,2400,House
3770 W 50th Avenue,"$3,388,000",https://www.rew.ca/properties/R2219328/3770-w-50th-avenue-vancouver-bc,3,3,2535,House
2761 Mcgill Street,"$2,088,000",https://www.rew.ca/properties/R2219315/2761-mcgill-street-vancouver-bc,9,7,3513,House
862 Nanaimo Street,"$2,700,000",https://www.rew.ca/properties/R2215645/862-nanaimo-street-vancouver-bc,6,4,2400,House
2202-930 Cambie Street,"$1,200,000",https://www.rew.ca/properties/R2215815/2202-930-cambie-street-vancouver-bc,2,2,1060,Apt/Condo
801-1155 Homer Street,"$1,293,000",https://www.rew.ca/properties/R2215542/801-1155-homer-street-vancouver-bc,2,2,1078,Apt/Condo
5525 Rhodes Street,"$1,795,000",https://www.rew.ca/properties/R2216296/5525-rhodes-street-vancouver-bc,5,3,2341,House
2118 Renfrew Street,"$2,500,000",https://www.rew.ca/properties/R2215880/2118-renfrew-street-vancouver-bc,5,4,2409,House
2130 Renfrew Street,"$2,500,000",https://www.rew.ca/properties/R2215872/2130-renfrew-street-vancouver-bc,5,4,2400,House
4514 Langara Avenue,"$5,288,000",https://www.rew.ca/properties/R2216180/4514-langara-avenue-vancouver-bc,3,3,2650,House
1080 Douglas Crescent,"$8,750,000",https://www.rew.ca/properties/R2216347/1080-douglas-crescent-vancouver-bc,5,6,5622,House
2683 Duke Street,"$1,599,000",https://www.rew.ca/properties/R2216444/2683-duke-street-vancouver-bc,0,0,0,Land/Lot
3316 E 29 Avenue,"$1,399,000",https://www.rew.ca/properties/R2216566/3316-e-29-avenue-vancouver-bc,6,4,1702,House
1232 E 11th Avenue,"$1,480,000",https://www.rew.ca/properties/R2216939/1232-e-11th-avenue-vancouver-bc,3,3,1452,Duplex
2689 Duke Street,"$1,599,000",https://www.rew.ca/properties/R2216448/2689-duke-street-vancouver-bc,0,0,0,Land/Lot
8150 Prince Edward Street,"$2,888,000",https://www.rew.ca/properties/R2216690/8150-prince-edward-street-vancouver-bc,8,8,4119,House
1957 W 37th Avenue,"$3,149,800",https://www.rew.ca/properties/R2216712/1957-w-37th-avenue-vancouver-bc,7,6,3333,House
3505 E 22nd Avenue,"$1,699,888",https://www.rew.ca/properties/R2217062/3505-east-22nd-avenue-vancouver-bc,5,3,2516,House
1312 Maple Street,"$2,349,000",https://www.rew.ca/properties/R2211329/1312-maple-street-vancouver-bc,3,3,1994,Duplex
213-5723 Collingwood Street,"$799,000",https://www.rew.ca/properties/R2211188/213-5723-collingwood-street-vancouver-bc,2,2,969,Apt/Condo
TH2-1107 W 7th Avenue,"$4,388,000",https://www.rew.ca/properties/R2217482/th2-1107-w-7th-avenue-vancouver-bc,2,3,2507,Townhouse
3425 Celtic Avenue,"$10,800,000",https://www.rew.ca/properties/R2211790/3425-celtic-avenue-vancouver-bc,2,2,1200,House
213-2450 Cornwall Avenue,"$735,000",https://www.rew.ca/properties/R2211989/213-2450-cornwall-avenue-vancouver-bc,2,2,957,Apt/Condo
3234 W 21st Avenue,"$9,980,000",https://www.rew.ca/properties/R2212126/3234-w-21st-avenue-vancouver-bc,6,7,4200,House
1319 W 47th Avenue,"$4,688,000",https://www.rew.ca/properties/R2212444/1319-w-47th-avenue-vancouver-bc,6,4,4642,House
7430 Granville Street,"$1,868,800",https://www.rew.ca/properties/R2214464/7430-granville-street-vancouver-bc,3,3,1760,Townhouse
2275 W 51st Avenue,"$2,998,000",https://www.rew.ca/properties/R2213756/2275-w-51st-avenue-vancouver-bc,5,4,2413,House
1131 Homer Street,"$1,388,000",https://www.rew.ca/properties/R2212968/1131-homer-street-vancouver-bc,2,2,1129,Townhouse
2751 Duke Street,"$1,928,000",https://www.rew.ca/properties/R2213862/2751-duke-street-vancouver-bc,6,4,2015,House
5606-1480 Howe Street,"$3,788,000",https://www.rew.ca/properties/R2212859/5606-1480-howe-street-vancouver-bc,2,3,1850,Apt/Condo
1496 West 58th Avenue,"$1,838,800",https://www.rew.ca/properties/R2214465/1496-west-58th-avenue-vancouver-bc,3,3,1644,Townhouse
2003-777 Richards Street,"$788,000",https://www.rew.ca/properties/R2214520/2003-777-richards-street-vancouver-bc,1,1,546,Apt/Condo
5487 Dundee Street,"$1,250,000",https://www.rew.ca/properties/R2214861/5487-dundee-street-vancouver-bc,3,3,1309,Duplex
5485 Dundee Street,"$1,250,000",https://www.rew.ca/properties/R2214860/5485-dundee-street-vancouver-bc,3,4,1309,Duplex
2345 Quayside Court,"$715,000",https://www.rew.ca/properties/R2215210/2345-quayside-court-vancouver-bc,2,2,1158,Townhouse
8525 Wiltshire Street,"$6,280,000",https://www.rew.ca/properties/R2215594/8525-wiltshire-street-vancouver-bc,7,6,4333,House
747 E 23rd Avenue,"$1,998,000",https://www.rew.ca/properties/R2214515/747-e-23rd-avenue-vancouver-bc,6,4,2204,House
710-438 Seymour Street,"$579,000",https://www.rew.ca/properties/R2214922/710-438-seymour-street-vancouver-bc,1,1,543,Apt/Condo
5791 Newton Wynd,"$26,980,000",https://www.rew.ca/properties/R2205644/5791-newton-wynd-vancouver-bc,6,8,10209,House
2020 E Broadway,"$1,599,000",https://www.rew.ca/properties/R2205472/2020-e-broadway-vancouver-bc,4,4,1509,Duplex
4925 Queensland Road,"$4,990,000",https://www.rew.ca/properties/R2204989/4925-queensland-road-vancouver-bc,2,1,2006,House
1563 SE Marine Drive,"$2,600,000",https://www.rew.ca/properties/R2206357/1563-se-marine-drive-vancouver-bc,5,2,2300,House
3242 Clive Avenue,"$2,580,000",https://www.rew.ca/properties/R2206895/3242-clive-avenue-vancouver-bc,0,0,2412,House
3220 Clive Avenue,"$2,580,000",https://www.rew.ca/properties/R2206869/3220-clive-avenue-vancouver-bc,0,0,2225,House
488 E 15 Avenue,"$1,298,000",https://www.rew.ca/properties/R2206043/488-e-15-avenue-vancouver-bc,4,3,1464,Duplex
3240 Clive Avenue,"$2,580,000",https://www.rew.ca/properties/R2206887/3240-clive-avenue-vancouver-bc,0,0,2476,House
2305-289 Drake Street,"$1,499,000",https://www.rew.ca/properties/R2206949/2305-289-drake-street-vancouver-bc,2,2,1265,Apt/Condo
3103 St. George Street,"$1,138,000",https://www.rew.ca/properties/R2207133/3103-st-george-street-vancouver-bc,3,3,1183,Duplex
7359 Pinnacle Court,"$745,000",https://www.rew.ca/properties/R2207367/7359-pinnacle-court-vancouver-bc,3,4,1857,Townhouse
1602-667 Howe Street,"$5,500,000",https://www.rew.ca/properties/R2208011/1602-667-howe-street-vancouver-bc,4,4,2664,Apt/Condo
1527 Atlas Lane,"$3,498,000",https://www.rew.ca/properties/R2208997/1527-atlas-lane-vancouver-bc,2,3,2388,Apt/Condo
1542 W 64th Avenue,"$2,088,000",https://www.rew.ca/properties/R2208584/1542-w-64th-avenue-vancouver-bc,4,2,2105,House
2861 W 13th Avenue,"$3,799,000",https://www.rew.ca/properties/R2209099/2861-w-13th-avenue-vancouver-bc,5,6,2827,House
7909 Laburnum Street,"$3,088,000",https://www.rew.ca/properties/R2209988/7909-laburnum-street-vancouver-bc,3,2,2314,House
1806-1088 Quebec Street,"$1,790,000",https://www.rew.ca/properties/R2207280/1806-1088-quebec-street-vancouver-bc,3,2,1502,Apt/Condo
1201-1680 Bayshore Drive,"$1,388,900",https://www.rew.ca/properties/R2210200/1201-1680-bayshore-drive-vancouver-bc,2,2,1026,Apt/Condo
6722 Fraser Street,"$1,850,000",https://www.rew.ca/properties/R2198031/6722-fraser-street-vancouver-bc,4,3,1128,Duplex
6633 Cartier Street,"$14,980,000",https://www.rew.ca/properties/R2198934/6633-cartier-street-vancouver-bc,6,8,11867,House
6720 Fraser Street,"$1,850,000",https://www.rew.ca/properties/R2197850/6720-fraser-street-vancouver-bc,4,3,1128,Duplex
4608-1480 Howe Street,"$2,450,000",https://www.rew.ca/properties/R2198129/4608-1480-howe-street-vancouver-bc,2,2,1191,Apt/Condo
3421 W 38th Avenue,"$4,580,000",https://www.rew.ca/properties/R2199509/3421-w-38th-avenue-vancouver-bc,5,5,2914,House
1126 Wolfe Avenue,"$34,800,000",https://www.rew.ca/properties/R2200080/1126-wolfe-avenue-vancouver-bc,6,8,11019,House
3569 W King Edward Avenue,"$2,880,000",https://www.rew.ca/properties/R2200498/3569-w-king-edward-avenue-vancouver-bc,5,2,2309,House
PH1 NE-2220 Kingsway,"$1,098,000",https://www.rew.ca/properties/R2202093/ph1-ne-2220-kingsway-vancouver-bc,2,2,821,Apt/Condo
4648 W 12th Avenue,"$4,188,000",https://www.rew.ca/properties/R2202750/4648-w-12th-avenue-vancouver-bc,5,3,2942,House
5511 Dundee Street,"$1,688,000",https://www.rew.ca/properties/R2202065/5511-dundee-street-vancouver-bc,5,4,2015,House
4208 Dunkirk Street,"$6,688,000",https://www.rew.ca/properties/R2203471/4208-dunkirk-street-vancouver-bc,5,5,3974,House
111-6033 Gray Avenue,"$898,000",https://www.rew.ca/properties/R2201588/111-6033-gray-avenue-vancouver-bc,2,2,892,Apt/Condo
314-1503 W 65th Avenue,"$409,900",https://www.rew.ca/properties/R2203348/314-1503-w-65th-avenue-vancouver-bc,0,1,467,Apt/Condo
765 E 41st Avenue,"$2,588,000",https://www.rew.ca/properties/R2204728/765-e-41st-avenue-vancouver-bc,6,4,3171,House
602-4900 Cartier Street,"$1,198,000",https://www.rew.ca/properties/R2204108/602-4900-cartier-street-vancouver-bc,1,2,1155,Apt/Condo
PH-1510 W 6th Avenue,"$5,800,000",https://www.rew.ca/properties/R2205000/ph-1510-6-avenue-vancouver-bc,2,3,2378,Apt/Condo
6193 Collingwood Street,"$6,379,000",https://www.rew.ca/properties/R2205027/6193-collingwood-street-vancouver-bc,5,7,5205,House
801-138 Athletes Way,"$2,898,000",https://www.rew.ca/properties/R2204765/801-138-athletes-way-vancouver-bc,2,2,1370,Apt/Condo
1404-38 W 1st Avenue,"$1,899,000",https://www.rew.ca/properties/R2205310/1404-38-w-1st-avenue-vancouver-bc,3,3,1393,Apt/Condo
2102-583 Beach Crescent,"$1,698,900",https://www.rew.ca/properties/R2210239/2102-583-beach-crescent-vancouver-bc,2,2,1151,Apt/Condo
2018 E Broadway,"$1,998,000",https://www.rew.ca/properties/R2129105/2018-e-broadway-vancouver-bc,5,4,1518,Duplex
5202-1128 W Georgia Street,"$6,300,000",https://www.rew.ca/properties/R2131641/5202-1128-w-georgia-street-vancouver-bc,2,3,2680,Apt/Condo
732 E 57th Avenue,"$2,538,000",https://www.rew.ca/properties/R2133777/732-e-57th-avenue-vancouver-bc,4,2,1800,House
2656 Waverley Avenue,"$1,585,000",https://www.rew.ca/properties/R2185392/2656-waverley-avenue-vancouver-bc,4,2,2070,House
3175 Point Grey Road,"$11,788,900",https://www.rew.ca/properties/R2169102/3175-point-grey-road-vancouver-bc,3,3,2312,Duplex
2611-1480 Howe Street,"$699,000",https://www.rew.ca/properties/R2174544/2611-1480-howe-street-vancouver-bc,1,1,415,Apt/Condo
728-666 Leg In Boot Square,"$1,499,750",https://www.rew.ca/properties/R2172052/728-666-leg-in-boot-square-vancouver-bc,3,2,1508,Apt/Condo
987 W 70th Avenue,"$918,000",https://www.rew.ca/properties/R2186024/987-w-70th-avenue-vancouver-bc,3,3,991,Townhouse
50-133 Keefer Street,"$4,688,000",https://www.rew.ca/properties/R2190612/50-133-keefer-street-vancouver-bc,2,3,2181,Apt/Condo
985 W 70th Avenue,"$1,045,000",https://www.rew.ca/properties/R2186036/985-w-70th-avenue-vancouver-bc,3,3,1130,Townhouse
4206-1480 Howe Street,"$3,188,000",https://www.rew.ca/properties/R2195047/4206-1480-howe-street-vancouver-bc,2,3,1332,Apt/Condo
20-135 Keefer Street,"$9,500,000",https://www.rew.ca/properties/R2190601/20-135-keefer-street-vancouver-bc,4,7,5757,Apt/Condo
1605-2220 Kingsway,"$1,088,800",https://www.rew.ca/properties/R2194788/1605-2220-kingsway-vancouver-bc,3,2,980,Apt/Condo
5516 Churchill Street,"$6,588,000",https://www.rew.ca/properties/R2193511/5516-churchill-street-vancouver-bc,4,3,4597,House
1978 E 64th Avenue,"$1,549,000",https://www.rew.ca/properties/R2195138/1978-e-64th-avenue-vancouver-bc,1,1,1600,House
3425 Knight Street,"$1,599,000",https://www.rew.ca/properties/R2197046/3425-knight-street-vancouver-bc,5,2,1418,House
2307-5628 Birney Avenue,"$2,680,000",https://www.rew.ca/properties/R2196266/2307-5628-birney-avenue-vancouver-bc,3,2,1218,Apt/Condo
1502-1480 Howe Street,"$1,088,900",https://www.rew.ca/properties/R2197695/1502-1480-howe-street-vancouver-bc,1,1,585,Apt/Condo
202-1889 Alberni Street,"$699,980",https://www.rew.ca/properties/R2229181/202-1889-alberni-street-vancouver-bc,0,1,502,Apt/Condo
1005-1028 Barclay Street,"$839,000",https://www.rew.ca/properties/R2229287/1005-1028-barclay-street-vancouver-bc,1,1,780,Apt/Condo
1307-1238 Melville Street,"$618,000",https://www.rew.ca/properties/R2229205/1307-1238-melville-street-vancouver-bc,1,1,572,Apt/Condo
224 Waterleigh Drive,"$1,428,000",https://www.rew.ca/properties/R2229251/224-waterleigh-drive-vancouver-bc,2,3,1691,Townhouse
3381 W 7th Avenue,"$2,350,000",https://www.rew.ca/properties/R2229248/3381-w-7th-avenue-vancouver-bc,6,3,2250,House
605-1211 Melville Street,"$1,899,000",https://www.rew.ca/properties/R2229260/605-1211-melville-street-vancouver-bc,3,3,1368,Apt/Condo
2901-438 Seymour Street,"$628,880",https://www.rew.ca/properties/R2229231/2901-438-seymour-street-vancouver-bc,1,1,518,Apt/Condo
807-1188 Howe Street,"$828,000",https://www.rew.ca/properties/R2229276/807-1188-howe-street-vancouver-bc,2,2,823,Apt/Condo
2979 E. 29th Avenue,"$1,598,000",https://www.rew.ca/properties/R2229324/2979-e-29th-avenue-vancouver-bc,4,2,2280,House
4183 Marguerite Street,"$6,880,000",https://www.rew.ca/properties/R2229357/4183-marguerite-street-vancouver-bc,7,6,5706,House
1007-3281 E Kent Avenue North Avenue,"$928,880",https://www.rew.ca/properties/R2229316/1007-3281-e-kent-avenue-north-avenue-vancouver-bc,2,2,895,Apt/Condo
3368 W 12th Avenue,"$3,880,000",https://www.rew.ca/properties/R2229393/3368-w-12th-avenue-vancouver-bc,6,6,2861,House
975 W 23rd Avenue,"$3,728,000",https://www.rew.ca/properties/R2229392/975-w-23rd-avenue-vancouver-bc,6,6,3100,House
203-838 W 16th Avenue,"$858,800",https://www.rew.ca/properties/R2229352/203-838-w-16th-avenue-vancouver-bc,2,2,961,Apt/Condo
3830 W 20th Avenue,"$3,088,000",https://www.rew.ca/properties/R2229395/3830-w-20th-avenue-vancouver-bc,5,3,2292,House
10-531 E 16th Avenue,"$1,198,000",https://www.rew.ca/properties/R2229462/10-531-e-16th-avenue-vancouver-bc,2,3,1087,Townhouse
1-531 E 16th Avenue,"$968,000",https://www.rew.ca/properties/R2229461/1-531-e-16th-avenue-vancouver-bc,2,2,967,Townhouse
4106-777 Richards Street,"$1,888,000",https://www.rew.ca/properties/R2217588/4106-777-richards-street-vancouver-bc,2,2,1112,Apt/Condo
8051 Chester Street,"$2,198,000",https://www.rew.ca/properties/R2093780/8051-chester-street-vancouver,7,7,3028,House
1763 W 38th Avenue,"$7,680,000",https://www.rew.ca/properties/R2176713/1763-w-38th-avenue-vancouver-bc,5,4,4441,House
2997 Parker Street,"$2,498,000",https://www.rew.ca/properties/R2229431/2997-parker-street-vancouver-bc,10,8,4188,House
7-531 E 16th Avenue,"$638,000",https://www.rew.ca/properties/R2229456/7-531-e-16th-avenue-vancouver-bc,1,1,722,Townhouse
702-455 Beach Crescent,"$1,598,000",https://www.rew.ca/properties/R2217596/702-455-beach-crescent-vancouver-bc,2,2,1143,Apt/Condo
208-1823 E Georgia Street,"$549,000",https://www.rew.ca/properties/R2229026/208-1823-e-georgia-street-vancouver-bc,1,1,638,Apt/Condo
1502-488 Helmcken Street,"$649,900",https://www.rew.ca/properties/R2229014/1502-488-helmcken-street-vancouver-bc,2,2,712,Apt/Condo
3102-5665 Boundary Road,"$1,338,000",https://www.rew.ca/properties/R2229034/3102-5665-boundary-road-vancouver-bc,2,2,931,Apt/Condo
7137 Stirling Street,"$2,988,000",https://www.rew.ca/properties/R2229027/7137-stirling-street-vancouver-bc,8,7,4028,House
2126 W 57th Avenue,"$9,880,000",https://www.rew.ca/properties/R2229052/2126-w-57th-avenue-vancouver-bc,4,8,6522,House
2135 W 37th Avenue,"$5,980,000",https://www.rew.ca/properties/R2229085/2135-w-37th-avenue-vancouver-bc,6,8,5001,House
101-8915 Hudson Street,"$550,000",https://www.rew.ca/properties/R2228968/101-8915-hudson-street-vancouver-bc,1,1,744,Apt/Condo
2485 SE Marine Drive,"$2,300,000",https://www.rew.ca/properties/R2229061/2485-se-marine-drive-vancouver-bc,4,2,2576,House
5755 Clarendon Street,"$1,368,800",https://www.rew.ca/properties/R2228966/5755-clarendon-street-vancouver-bc,5,2,1776,House
3906 Quesnel Drive,"$4,058,000",https://www.rew.ca/properties/R2229080/3906-quesnel-drive-vancouver-bc,5,4,2627,House
201-7828 Granville Street,"$989,900",https://www.rew.ca/properties/R2229139/201-7828-granville-street-vancouver-bc,2,2,859,Apt/Condo
2301-1201 Marinaside Crescent,"$1,488,000",https://www.rew.ca/properties/R2229053/2301-1201-marinaside-crescent-vancouver-bc,2,2,970,Apt/Condo
3930 W 17th Avenue,"$4,280,000",https://www.rew.ca/properties/R2229031/3930-w-17th-avenue-vancouver-bc,5,5,2980,House
1002-1438 W 7th Avenue,"$2,500,000",https://www.rew.ca/properties/R2229195/1002-1438-w-7th-avenue-vancouver-bc,3,3,2749,Apt/Condo
3608 W 35th Avenue,"$6,480,000",https://www.rew.ca/properties/R2229191/3608-w-35th-avenue-vancouver-bc,6,7,4608,House
3106-1480 Howe Street,"$920,000",https://www.rew.ca/properties/R2229220/3106-1480-howe-street-vancouver-bc,1,1,499,Apt/Condo
2326 W 45th Avenue,"$2,788,000",https://www.rew.ca/properties/R2229206/2326-w-45th-avenue-vancouver-bc,6,0,2754,House
3533 W 38th Avenue,"$5,588,888",https://www.rew.ca/properties/R2229211/3533-w-38th-avenue-vancouver-bc,6,6,3982,House
502-5868 Agronomy Road,"$998,000",https://www.rew.ca/properties/R2229222/502-5868-agronomy-road-vancouver-bc,2,2,1081,Apt/Condo
1955 Alberni Street,"$2,988,900",https://www.rew.ca/properties/R2210590/1955-alberni-street-vancouver-bc,2,3,1857,Townhouse
5880 Crown Street,"$2,750,000",https://www.rew.ca/properties/R2217777/5880-crown-street-vancouver-bc,4,5,2294,House
5738 Wallace Street,"$2,698,000",https://www.rew.ca/properties/R2217810/5738-wallace-street-vancouver-bc,4,3,2576,House
4378 Knight Street,"$849,900",https://www.rew.ca/properties/R2229271/4378-knight-street-vancouver-bc,3,2,1203,Townhouse
104-4696 W 10th Avenue,"$999,900",https://www.rew.ca/properties/R2228838/104-4696-w-10th-avenue-vancouver-bc,2,2,1313,Townhouse
722 W 68th Avenue,"$1,529,000",https://www.rew.ca/properties/R2228744/722-w-68th-avenue-vancouver-bc,3,3,1148,Duplex
305-1030 W Broadway,"$599,000",https://www.rew.ca/properties/R2228839/305-1030-w-broadway-vancouver-bc,1,1,590,Apt/Condo
2061 E Broadway Avenue,"$3,000,000",https://www.rew.ca/properties/R2228845/2061-e-broadway-avenue-vancouver-bc,4,2,1550,House
2083 E 48th Avenue,"$1,695,000",https://www.rew.ca/properties/R2228851/2083-e-48th-avenue-vancouver-bc,2,0,1600,House
3249 E 53rd Avenue,"$1,980,000",https://www.rew.ca/properties/R2228811/3249-e-53rd-avenue-vancouver-bc,7,4,3070,House
6135 Commercial Street,"$1,360,000",https://www.rew.ca/properties/R2228842/6135-commercial-street-vancouver-bc,6,2,2184,House
309-630 E Broadway,"$580,000",https://www.rew.ca/properties/R2228969/309-630-e-broadway-vancouver-bc,1,1,634,Apt/Condo
37 Keefer Place,"$699,998",https://www.rew.ca/properties/R2228949/37-keefer-place-vancouver-bc,1,1,685,Townhouse
1407-3533 Ross Drive,"$3,588,800",https://www.rew.ca/properties/R2228883/1407-3533-ross-drive-vancouver-bc,3,2,1439,Apt/Condo
1402-2688 West Mall,"$1,560,000",https://www.rew.ca/properties/R2228856/1402-2688-west-mall-vancouver-bc,3,2,1367,Apt/Condo
7668 Selkirk Street,"$2,980,000",https://www.rew.ca/properties/R2228776/7668-selkirk-street-vancouver-bc,6,6,2621,House
943 E 24th Avenue,"$1,798,000",https://www.rew.ca/properties/R2228737/943-e-24th-avenue-vancouver-bc,2,2,1755,House
603-1515 Atlas Lane,"$1,680,000",https://www.rew.ca/properties/R2228947/603-1515-atlas-lane-vancouver-bc,2,2,962,Apt/Condo
1801-590 Nicola Street,"$3,799,000",https://www.rew.ca/properties/R2228934/1801-590-nicola-street-vancouver-bc,2,2,1461,Apt/Condo
5207 Killarney Street,"$1,550,000",https://www.rew.ca/properties/R2228900/5207-killarney-street-vancouver-bc,7,4,1864,House
110-2390 Mcgill Street,"$600,000",https://www.rew.ca/properties/R2226241/110-2390-mcgill-street-vancouver-bc,1,1,780,Apt/Condo
336 E 58th Avenue,"$1,799,000",https://www.rew.ca/properties/R2228860/336-e-58th-avenue-vancouver-bc,7,5,2562,House
2425 SE Marine Drive,"$2,300,000",https://www.rew.ca/properties/R2228824/2425-se-marine-drive-vancouver-bc,6,2,2013,House
1010 E 21st Avenue,"$2,375,000",https://www.rew.ca/properties/R2228684/1010-e-21st-avenue-vancouver-bc,5,3,4040,House
211-2680 W 4th Avenue,"$549,000",https://www.rew.ca/properties/R2227756/211-2680-w-4th-avenue-vancouver-bc,1,1,650,Apt/Condo
5635 Sherbrooke Street,"$1,798,000",https://www.rew.ca/properties/R2228940/5635-sherbrooke-street-vancouver-bc,6,4,2206,House
512-2888 Cambie Street,"$589,000",https://www.rew.ca/properties/R2226328/512-2888-cambie-street-vancouver-bc,0,1,479,Apt/Condo
2662 E 52nd Avenue,"$1,799,000",https://www.rew.ca/properties/R2228480/2662-e-52nd-avenue-vancouver-bc,6,4,2456,House
411-1283 Howe Street,"$584,000",https://www.rew.ca/properties/R2228617/411-1283-howe-street-vancouver-bc,1,1,497,Apt/Condo
602-1480 Howe Street,"$855,000",https://www.rew.ca/properties/R2228593/602-1480-howe-street-vancouver-bc,1,1,530,Apt/Condo
PH15-511 W 7th Avenue,"$868,000",https://www.rew.ca/properties/R2228547/ph15-511-w-7th-avenue-vancouver-bc,2,2,940,Apt/Condo
808-1283 Howe Street,"$594,000",https://www.rew.ca/properties/R2228615/808-1283-howe-street-vancouver-bc,1,1,479,Apt/Condo
3008 Grant Street,"$2,698,000",https://www.rew.ca/properties/R2228396/3008-grant-street-vancouver-bc,7,6,3618,House
1849 W 35th Avenue,"$6,999,000",https://www.rew.ca/properties/R2228455/1849-w-35th-avenue-vancouver-bc,5,6,4105,House
1953 E Broadway,"$2,600,000",https://www.rew.ca/properties/R2228483/1953-e-broadway-vancouver-bc,4,2,1600,House
306-4083 Cambie Street,"$918,000",https://www.rew.ca/properties/R2228695/306-cambie-street-vancouver-bc,2,2,805,Apt/Condo
307-4083 Cambie Street,"$988,000",https://www.rew.ca/properties/R2228696/307-cambie-street-vancouver-bc,2,2,884,Apt/Condo
911-188 Keefer Street,"$599,000",https://www.rew.ca/properties/R2228654/911-188-keefer-street-vancouver-bc,1,1,563,Apt/Condo
5009 Killarney Street,"$1,550,000",https://www.rew.ca/properties/R2228566/5009-killarney-street-vancouver-bc,5,4,2100,House
3575 W 23rd Avenue,"$4,188,000",https://www.rew.ca/properties/R2228602/3575-w-23rd-avenue-vancouver-bc,4,5,2800,House
2806-1408 Strathmore Mews,"$969,000",https://www.rew.ca/properties/R2228734/2806-1408-strathmore-mews-vancouver-bc,1,1,725,Apt/Condo
7856 Hudson Street,"$2,390,000",https://www.rew.ca/properties/R2228727/7856-hudson-street-vancouver-bc,5,4,2438,House
1510-1050 Burrard Street,"$950,000",https://www.rew.ca/properties/R2228779/1510-1050-burrard-street-vancouver-bc,2,2,1068,Apt/Condo
207-1477 Fountain Way,"$699,900",https://www.rew.ca/properties/R2227880/207-1477-fountain-way-vancouver-bc,2,2,1167,Apt/Condo
101-1753 West 11th Avenue,"$2,970,000",https://www.rew.ca/properties/R2228799/101-1753-west-11th-avenue-vancouver-bc,3,3,1850,Apt/Condo
508-2228 W Broadway,"$618,800",https://www.rew.ca/properties/R2228736/508-2228-w-broadway-vancouver-bc,1,1,668,Apt/Condo
3205 W 36th Avenue,"$7,380,000",https://www.rew.ca/properties/R2228765/3205-w-36th-avenue-vancouver-bc,5,5,4083,House
105-677 W 41st Avenue,"$1,288,800",https://www.rew.ca/properties/R2228800/105-677-w-41st-avenue-vancouver-bc,2,2,1062,Apt/Condo
3703-689 Abbott Street,"$2,298,000",https://www.rew.ca/properties/R2228490/3703-689-abbott-street-vancouver-bc,3,3,1665,Apt/Condo
4520 Harriet Street,"$1,849,000",https://www.rew.ca/properties/R2227914/4520-harriet-street-vancouver-bc,5,3,2327,House
5965 Arlington Street,"$2,388,000",https://www.rew.ca/properties/R2226095/5965-arlington-street-vancouver-bc,7,5,3343,House
4830 Victoria Drive,"$1,298,000",https://www.rew.ca/properties/R2228130/4830-victoria-drive-vancouver-bc,6,2,1191,Duplex
205-5625 Senlac Street,"$609,900",https://www.rew.ca/properties/R2227967/205-5625-senlac-street-vancouver-bc,3,3,1402,Townhouse
211-5625 Senlac Street,"$589,900",https://www.rew.ca/properties/R2227993/211-5625-senlac-street-vancouver-bc,3,3,1399,Townhouse
303-5983 Gray Avenue,"$1,058,000",https://www.rew.ca/properties/R2227906/303-5983-gray-avenue-vancouver-bc,3,3,980,Apt/Condo
307-3281 E Kent Avenue,"$788,000",https://www.rew.ca/properties/R2223400/307-3281-e-kent-avenue-vancouver-bc,2,2,898,Apt/Condo
5698 Wessex Street,"$649,900",https://www.rew.ca/properties/R2227933/5698-wessex-street-vancouver-bc,3,3,1518,Townhouse
1804-811 Helmcken Street,"$895,000",https://www.rew.ca/properties/R2228377/1804-811-helmcken-street-vancouver-bc,2,2,870,Apt/Condo
528 E 55th Avenue,"$1,399,000",https://www.rew.ca/properties/R2228412/528-e-55th-avenue-vancouver-bc,5,3,2000,House
536 E 55th Avenue,"$2,098,000",https://www.rew.ca/properties/R2228434/536-e-55th-avenue-vancouver-bc,9,7,3228,House
2502-33 Smithe Street,"$1,348,000",https://www.rew.ca/properties/R2228329/2502-33-smithe-street-vancouver-bc,2,2,1070,Apt/Condo
502-2028 W 11th Avenue,"$825,000",https://www.rew.ca/properties/R2228464/502-2028-w-11th-avenue-vancouver-bc,1,1,733,Apt/Condo
320-237 E 4th Avenue,"$634,800",https://www.rew.ca/properties/R2228463/320-237-e-4th-avenue-vancouver-bc,1,1,791,Apt/Condo
103-975 W 13th Avenue,"$449,900",https://www.rew.ca/properties/R2228267/103-975-w-13th-avenue-vancouver-bc,1,1,591,Apt/Condo
350 E 60th Avenue,"$1,868,000",https://www.rew.ca/properties/R2228497/350-e-60th-avenue-vancouver-bc,6,4,2013,House
2736 W 13th Avenue,"$2,620,000",https://www.rew.ca/properties/R2228269/2736-w-13th-avenue-vancouver-bc,3,2,2100,House
2959 Venables Street,"$1,499,000",https://www.rew.ca/properties/R2228290/2959-venables-street-vancouver-bc,6,5,2894,House
SL 12-459 W 63 Avenue,"$2,180,000",https://www.rew.ca/properties/R2228078/sl-12-459-w-63-avenue-vancouver-bc,4,3,1743,Townhouse
809 W 23rd Avenue,"$7,200,000",https://www.rew.ca/properties/R2228559/809-w-23rd-avenue-vancouver-bc,0,3,4250,Other
2141 E Broadway,"$2,800,000",https://www.rew.ca/properties/R2228629/2141-e-broadway-vancouver-bc,7,3,1400,House
SL 2-459 W 63 Avenue,"$1,999,900",https://www.rew.ca/properties/R2228076/sl-2-459-w-63-avenue-vancouver-bc,3,3,1719,Townhouse
620-5955 Birney Avenue,"$950,000",https://www.rew.ca/properties/R2227790/620-5955-birney-avenue-vancouver-bc,2,2,947,Apt/Condo
721 Skeena Street,"$1,488,000",https://www.rew.ca/properties/R2227948/721-skeena-street-vancouver-bc,6,2,1995,House
109-950 Drake Street,"$520,000",https://www.rew.ca/properties/R2228113/109-950-drake-street-vancouver-bc,1,1,436,Apt/Condo
5937 Angus Drive,"$6,380,000",https://www.rew.ca/properties/R2227978/5937-angus-drive-vancouver-bc,4,5,4683,House
2250 W 34th Avenue,"$7,280,000",https://www.rew.ca/properties/R2228020/2250-w-34th-avenue-vancouver-bc,5,6,5044,House
3003-833 Seymour Street,"$1,399,000",https://www.rew.ca/properties/R2227773/3003-833-seymour-street-vancouver-bc,2,2,991,Apt/Condo
2001-5728 Berton Avenue,"$1,099,000",https://www.rew.ca/properties/R2227875/2001-5728-berton-avenue-vancouver-bc,2,2,883,Apt/Condo
3657 W 37th Avenue,"$4,180,000",https://www.rew.ca/properties/R2227691/3657-w-37th-avenue-vancouver-bc,3,3,2784,House
306-808 E 8th Avenue,"$549,900",https://www.rew.ca/properties/R2227801/306-808-e-8th-avenue-vancouver-bc,1,1,610,Apt/Condo
514 W 61st Avenue,"$3,880,000",https://www.rew.ca/properties/R2228111/514-w-61st-avenue-vancouver-bc,5,3,2744,House
105-725 W 7th Avenue,"$599,000",https://www.rew.ca/properties/R2228273/105-725-w-7th-avenue-vancouver-bc,1,1,679,Apt/Condo
204-2350 W 39th Avenue,"$1,098,000",https://www.rew.ca/properties/R2228288/204-2350-w-39th-avenue-vancouver-bc,2,2,1021,Apt/Condo
4695 Duchess Street,"$1,398,000",https://www.rew.ca/properties/R2228214/4695-duchess-street-vancouver-bc,4,2,1623,House
6930 Rupert Street,"$2,780,000",https://www.rew.ca/properties/R2228287/6930-rupert-street-vancouver-bc,6,7,3303,House
1111-819 Hamilton Street,"$658,000",https://www.rew.ca/properties/R2228317/1111-819-hamilton-street-vancouver-bc,1,1,631,Apt/Condo
303-2528 Collingwood Street,"$839,000",https://www.rew.ca/properties/R2228266/303-2528-collingwood-street-vancouver-bc,2,2,704,Apt/Condo
2710-5665 Boundary Road,"$525,000",https://www.rew.ca/properties/R2228195/2710-5665-boundary-road-vancouver-bc,1,1,479,Apt/Condo
509-2055 Yukon Street,"$628,000",https://www.rew.ca/properties/R2227846/509-2055-yukon-street-vancouver-bc,1,1,640,Apt/Condo
302-1228 W Hastings Street,"$1,188,000",https://www.rew.ca/properties/R2227905/302-1228-w-hastings-street-vancouver-bc,2,2,800,Apt/Condo
A303-431 Pacific Street,"$849,000",https://www.rew.ca/properties/R2227757/a303-431-pacific-street-vancouver-bc,3,1,850,Apt/Condo
2796 E 16th Avenue,"$2,200,000",https://www.rew.ca/properties/R2227884/2796-e-16th-avenue-vancouver-bc,5,2,1568,House
4866 Moss Street,"$1,698,000",https://www.rew.ca/properties/R2227855/4866-moss-street-vancouver-bc,5,6,2420,House
1509-188 Keefer Street,"$935,000",https://www.rew.ca/properties/R2227763/1509-188-keefer-street-vancouver-bc,3,2,850,Apt/Condo
1238 Tecumseh Avenue,"$12,888,000",https://www.rew.ca/properties/R2227930/1238-tecumseh-avenue-vancouver-bc,5,4,10053,House
1226 W 26th Avenue,"$6,490,000",https://www.rew.ca/properties/R2227980/1226-w-26th-avenue-vancouver-bc,3,3,3176,House
903-2688 West Mall,"$978,000",https://www.rew.ca/properties/R2227953/903-2688-west-mall-vancouver-bc,2,2,995,Apt/Condo
1603-8588 Cornish Street,"$1,399,000",https://www.rew.ca/properties/R2227689/1603-8588-cornish-street-vancouver-bc,3,2,1315,Apt/Condo
704-822 Seymour Street,"$898,000",https://www.rew.ca/properties/R2228031/704-822-seymour-street-vancouver-bc,2,2,826,Apt/Condo
2008-1001 Richards Street,"$788,000",https://www.rew.ca/properties/R2227695/2008-1001-richards-street-vancouver-bc,1,1,603,Apt/Condo
3215 E Georgia Street,"$1,150,000",https://www.rew.ca/properties/R2227997/3215-e-georgia-street-vancouver-bc,3,2,1408,House
105-925 W 15th Avenue,"$599,000",https://www.rew.ca/properties/R2228060/105-925-w-15th-avenue-vancouver-bc,1,1,792,Apt/Condo
1005-689 Abbott Street,"$975,000",https://www.rew.ca/properties/R2228023/1005-689-abbott-street-vancouver-bc,2,2,1053,Apt/Condo
302-1177 Hornby Street,"$618,000",https://www.rew.ca/properties/R2228038/302-1177-hornby-street-vancouver-bc,1,1,628,Apt/Condo
3994 W 30th Avenue,"$4,798,000",https://www.rew.ca/properties/R2227823/3994-w-30th-avenue-vancouver-bc,5,2,3266,House
1801-1003 Pacific Street,"$999,888",https://www.rew.ca/properties/R2228067/1801-1003-pacific-street-vancouver-bc,2,1,911,Apt/Condo
2355 E 41st Avenue,"$1,088,000",https://www.rew.ca/properties/R2228014/2355-e-41st-avenue-vancouver-bc,4,4,1548,House
3401-499 Pacific Street,"$8,888,000",https://www.rew.ca/properties/R2227794/3401-499-pacific-street-vancouver-bc,3,4,3720,Apt/Condo
201-1230 Comox Street,"$799,000",https://www.rew.ca/properties/R2228068/201-1230-comox-street-vancouver-bc,2,1,783,Apt/Condo
8407 Osler Street,"$1,890,000",https://www.rew.ca/properties/R2206965/8407-osler-street-vancouver-bc,4,2,1796,Other
328-3563 Ross Drive,"$1,308,800",https://www.rew.ca/properties/R2227463/328-3563-ross-drive-vancouver-bc,2,2,877,Apt/Condo
2843 E 20th Avenue,"$1,688,000",https://www.rew.ca/properties/R2227476/2843-e-20th-avenue-vancouver-bc,8,3,2522,House
1860 Graveley Street,"$1,690,000",https://www.rew.ca/properties/R2227558/1860-graveley-street-vancouver-bc,5,3,2110,House
PH6-2220 NE Kingsway,"$884,900",https://www.rew.ca/properties/R2227699/ph6-2220-ne-kingsway-vancouver-bc,2,2,807,Apt/Condo
2942 E Georgia Street,"$1,580,000",https://www.rew.ca/properties/R2227621/2942-e-georgia-street-vancouver-bc,5,2,2105,House
1169 W 73rd Avenue,"$999,000",https://www.rew.ca/properties/R2227505/1169-w-73rd-avenue-vancouver-bc,2,2,1271,Townhouse
2313-938 Smithe Street,"$1,250,000",https://www.rew.ca/properties/R2227705/2313-938-smithe-street-vancouver-bc,2,3,1100,Apt/Condo
2825 E 43rd Avenue,"$1,650,000",https://www.rew.ca/properties/R2227634/2825-e-43rd-avenue-vancouver-bc,5,4,2500,House
2-1296 Salsbury Drive,"$1,299,900",https://www.rew.ca/properties/R2227710/2-1296-salsbury-drive-vancouver-bc,2,2,882,Apt/Condo
36-6512 Chambord Place,"$675,000",https://www.rew.ca/properties/R2227806/36-6512-chambord-place-vancouver-bc,2,2,1125,Townhouse
605-2851 Heather Street,"$1,048,000",https://www.rew.ca/properties/R2227728/605-2851-heather-street-vancouver-bc,2,2,919,Apt/Condo
3870 W 17th Avenue,"$2,490,000",https://www.rew.ca/properties/R2227830/3870-w-17th-avenue-vancouver-bc,3,2,1500,House
717-774 Great Northern Way,"$598,888",https://www.rew.ca/properties/R2227781/717-774-great-northern-way-vancouver-bc,2,1,880,Apt/Condo
7-3405 E 49th Avenue,"$698,800",https://www.rew.ca/properties/R2227804/7-3405-e-49th-avenue-vancouver-bc,3,1,1067,Apt/Condo
2838 Franklin Street,"$1,599,000",https://www.rew.ca/properties/R2227784/2838-franklin-street-vancouver-bc,7,4,2300,House
1603-131 Regiment Square,"$590,000",https://www.rew.ca/properties/R2227752/1603-131-regiment-square-vancouver-bc,1,1,502,Apt/Condo
302-555 W 7th Avenue,"$898,000",https://www.rew.ca/properties/R2226890/302-555-w-7th-avenue-vancouver-bc,1,1,822,Apt/Condo
225-2910 E Pender Street,"$680,000",https://www.rew.ca/properties/R2227281/225-2910-e-pender-street-vancouver-bc,2,1,1192,Apt/Condo
3788 Maxwell Street,"$2,588,888",https://www.rew.ca/properties/R2227234/3788-maxwell-street-vancouver-bc,6,4,3135,House
1004-8131 Nunavut Lane,"$928,000",https://www.rew.ca/properties/R2227379/1004-8131-nunavut-lane-vancouver-bc,2,2,760,Apt/Condo
6250 Cedarhurst Street,"$5,980,000",https://www.rew.ca/properties/R2226875/6250-cedarhurst-street-vancouver-bc,4,5,4011,House
1104-939 Homer Street,"$898,888",https://www.rew.ca/properties/R2227389/1104-939-homer-street-vancouver-bc,2,2,888,Apt/Condo
302-198 Aquarius Mews,"$1,575,000",https://www.rew.ca/properties/R2227309/302-198-aquarius-mews-vancouver-bc,2,2,1011,Apt/Condo
104-2190 W 8th Avenue,"$679,000",https://www.rew.ca/properties/R2227406/104-2190-w-8th-avenue-vancouver-bc,2,2,761,Apt/Condo
2128 W 36th Avenue,"$5,990,000",https://www.rew.ca/properties/R2226976/2128-w-36th-avenue-vancouver-bc,6,8,5217,House
1001-777 Richards Street,"$1,268,000",https://www.rew.ca/properties/R2226975/1001-777-richards-street-vancouver-bc,2,2,885,Apt/Condo
568 E 59th Avenue,"$2,398,888",https://www.rew.ca/properties/R2227371/568-e-59th-avenue-vancouver-bc,8,6,3558,House
1101-88 W 1st Avenue,"$1,888,000",https://www.rew.ca/properties/R2227508/1101-88-w-1st-avenue-vancouver-bc,3,2,1197,Apt/Condo
304-1575 W 10th Avenue,"$1,088,000",https://www.rew.ca/properties/R2227434/304-1575-w-10th-avenue-vancouver-bc,2,2,1240,Apt/Condo
402-3308 Vanness Avenue,"$638,000",https://www.rew.ca/properties/R2227283/402-3308-vanness-avenue-vancouver-bc,2,2,948,Apt/Condo
1702-867 Hamilton Street,"$898,800",https://www.rew.ca/properties/R2227474/1702-867-hamilton-street-vancouver-bc,1,1,781,Apt/Condo
6376 Beatrice Street,"$1,149,000",https://www.rew.ca/properties/R2227354/6376-beatrice-street-vancouver-bc,4,3,1203,Duplex
216-1189 Howe Street,"$450,000",https://www.rew.ca/properties/R2226963/216-1189-howe-street-vancouver-bc,0,1,415,Apt/Condo
302-4083 Cambie Street,"$949,000",https://www.rew.ca/properties/R2226831/302-4083-cambie-street-vancouver-bc,2,2,904,Apt/Condo
303-1188 Quebec Street,"$1,938,000",https://www.rew.ca/properties/R2227084/303-1188-quebec-street-vancouver-bc,3,2,1805,Apt/Condo
1143 E 10th Avenue,"$1,778,000",https://www.rew.ca/properties/R2227022/1143-e-10th-avenue-vancouver-bc,7,3,2346,House
709-288 W 1st Avenue,"$1,038,000",https://www.rew.ca/properties/R2227091/709-288-w-1st-avenue-vancouver-bc,2,2,878,Apt/Condo
1759 W 60th Avenue,"$2,888,000",https://www.rew.ca/properties/R2227150/1759-w-60th-avenue-vancouver-bc,2,1,2000,House
3393 W 30th Avenue,"$3,998,000",https://www.rew.ca/properties/R2226966/3393-w-30th-avenue-vancouver-bc,4,6,3119,House
7928 Hudson Street,"$2,888,000",https://www.rew.ca/properties/R2226575/7928-hudson-street-vancouver-bc,4,4,2399,House
658-38 Smithe Street,"$1,350,000",https://www.rew.ca/properties/R2227112/658-38-smithe-street-vancouver-bc,2,2,970,Apt/Condo
6908 Beatrice Street,"$1,998,000",https://www.rew.ca/properties/R2226603/6908-beatrice-street-vancouver-bc,7,5,2368,House
8207 Ash Street,"$2,395,000",https://www.rew.ca/properties/R2226780/8207-ash-street-vancouver-bc,5,3,2828,House
303-1325 Rolston Street,"$698,000",https://www.rew.ca/properties/R2226799/303-1325-rolston-street-vancouver-bc,1,1,554,Apt/Condo
536 E 56th Avenue,"$2,098,000",https://www.rew.ca/properties/R2227146/536-e-56th-avenue-vancouver-bc,6,5,2680,House
2007-928 Homer Street,"$699,000",https://www.rew.ca/properties/R2226951/2007-928-homer-street-vancouver-bc,1,1,498,Apt/Condo
3202-1335 Howe Street,"$2,259,900",https://www.rew.ca/properties/R2227190/3202-1335-howe-street-vancouver-bc,2,2,1090,Apt/Condo
3003-1335 Howe Street,"$2,839,900",https://www.rew.ca/properties/R2227192/3003-1335-howe-street-vancouver-bc,2,2,1265,Apt/Condo
8203 Strauss Drive,"$834,900",https://www.rew.ca/properties/R2226451/8203-strauss-drive-vancouver-bc,3,3,1827,Townhouse
7415 West Boulevard,"$2,898,000",https://www.rew.ca/properties/R2226887/7415-west-boulevard-vancouver-bc,4,3,2671,House
7187 Cypress Street,"$8,680,000",https://www.rew.ca/properties/R2226694/7187-cypress-street-vancouver-bc,6,8,5354,House
517 Drake Street,"$999,888",https://www.rew.ca/properties/R2226928/517-drake-street-vancouver-bc,2,1,855,Townhouse
302-1226 Hamilton Street,"$1,099,000",https://www.rew.ca/properties/R2226584/302-1226-hamilton-street-vancouver-bc,2,2,975,Apt/Condo
2404-1238 Richards Street,"$1,799,000",https://www.rew.ca/properties/R2226706/2404-1238-richards-street-vancouver-bc,2,2,1468,Apt/Condo
2501-1335 Howe Street,"$3,099,900",https://www.rew.ca/properties/R2226937/2501-1335-howe-street-vancouver-bc,3,3,1610,Apt/Condo
2703-1335 Howe Street,"$2,509,900",https://www.rew.ca/properties/R2226950/2703-1335-howe-street-vancouver-bc,2,2,1265,Apt/Condo
6610 Churchill Street,"$6,888,888",https://www.rew.ca/properties/R2226906/6610-churchill-street-vancouver-bc,6,4,4930,House
2078 Charles Street,"$1,598,000",https://www.rew.ca/properties/R2226849/2078-charles-street-vancouver-bc,0,0,1950,House
2376 W 22nd Avenue,"$4,568,000",https://www.rew.ca/properties/R2226795/2376-w-22nd-avenue-vancouver-bc,7,6,3731,House
3691 Point Grey Road,"$9,998,000",https://www.rew.ca/properties/R2226915/3691-point-grey-road-vancouver-bc,2,4,3709,House
217-2910 E Pender Street,"$675,000",https://www.rew.ca/properties/R2227026/217-2910-e-pender-street-vancouver-bc,2,2,1017,Apt/Condo
225-5777 Birney Avenue,"$699,000",https://www.rew.ca/properties/R2226601/225-5777-birney-avenue-vancouver-bc,1,1,747,Apt/Condo
W412-488 Kingsway,"$579,000",https://www.rew.ca/properties/R2227029/w412-488-kingsway-vancouver-bc,2,2,853,Apt/Condo
403-655 W 41st Avenue,"$769,000",https://www.rew.ca/properties/R2226982/403-655-w-41st-avenue-vancouver-bc,1,1,640,Apt/Condo
360 Smithe Street,"$1,899,900",https://www.rew.ca/properties/R2227062/360-smithe-street-vancouver-bc,3,3,1659,Townhouse
3031 E 20th Avenue,"$1,759,000",https://www.rew.ca/properties/R2226573/3031-e-20th-avenue-vancouver-bc,6,4,2469,House
308-2321 Scotia Street,"$728,888",https://www.rew.ca/properties/R2226767/308-2321-scotia-street-vancouver-bc,1,1,688,Apt/Condo
316-707 E 20th Avenue,"$799,000",https://www.rew.ca/properties/R2226612/316-707-e-20th-avenue-vancouver-bc,2,2,865,Apt/Condo
1578 W 62nd Avenue,"$2,950,000",https://www.rew.ca/properties/R2226604/1578-w-62nd-avenue-vancouver-bc,2,1,2352,House
904 E 28th Avenue,"$1,598,888",https://www.rew.ca/properties/R2226341/904-e-28th-avenue-vancouver-bc,4,3,2551,House
210-1450 E 7th Avenue,"$474,900",https://www.rew.ca/properties/R2226622/210-1450-e-7th-avenue-vancouver-bc,1,1,628,Apt/Condo
705-3198 Riverwalk Avenue,"$2,128,900",https://www.rew.ca/properties/R2226452/705-3198-riverwalk-avenue-vancouver-bc,3,2,1742,Apt/Condo
122-3563 Ross Drive,"$1,368,800",https://www.rew.ca/properties/R2226565/122-3563-ross-drive-vancouver-bc,2,2,877,Apt/Condo
1108-2220 Kingsway Street,"$1,080,000",https://www.rew.ca/properties/R2226648/1108-2220-kingsway-street-vancouver-bc,3,2,992,Apt/Condo
2701-63 Keefer Place,"$598,888",https://www.rew.ca/properties/R2226211/2701-63-keefer-place-vancouver-bc,1,1,570,Apt/Condo
211-1635 W 3rd Avenue,"$880,000",https://www.rew.ca/properties/R2226631/211-1635-w-3rd-avenue-vancouver-bc,2,2,801,Apt/Condo
506-1128 W Hastings Street,"$379,900",https://www.rew.ca/properties/R2226501/506-1128-w-hastings-street-vancouver-bc,0,1,310,Apt/Condo
201-36 E 14th Avenue,"$225,000",https://www.rew.ca/properties/R2226676/201-36-e-14th-avenue-vancouver-bc,1,1,433,Apt/Condo
606-3533 Ross Drive,"$1,208,800",https://www.rew.ca/properties/R2226571/606-3533-ross-drive-vancouver-bc,2,2,1020,Apt/Condo
207-7620 Columbia Street,"$769,000",https://www.rew.ca/properties/R2226514/207-7620-columbia-street-vancouver-bc,2,2,1125,Apt/Condo
5186 Chambers Street,"$598,800",https://www.rew.ca/properties/R2226833/5186-chambers-street-vancouver-bc,2,1,649,Townhouse
3282 W 34th Avenue,"$4,678,000",https://www.rew.ca/properties/R2226480/3282-w-34th-avenue-vancouver-bc,7,3,3062,House
1907-1067 Marinaside Crescent,"$1,350,000",https://www.rew.ca/properties/R2226738/1907-1067-marinaside-crescent-vancouver-bc,2,2,937,Apt/Condo
2803-930 Cambie Street,"$1,098,000",https://www.rew.ca/properties/R2226801/2803-930-cambie-street-vancouver-bc,2,2,1074,Apt/Condo
1505-1255 Seymour Street,"$699,000",https://www.rew.ca/properties/R2226854/1505-1255-seymour-street-vancouver-bc,1,1,506,Apt/Condo
308-928 Richards Street,"$639,000",https://www.rew.ca/properties/R2226885/308-928-richards-street-vancouver-bc,1,1,561,Apt/Condo
4452 Prince Albert Street,"$2,899,000",https://www.rew.ca/properties/R2226466/4452-prince-albert-street-vancouver-bc,9,6,3382,House
421 E 48th Avenue,"$1,999,000",https://www.rew.ca/properties/R2226493/421-e-48th-avenue-vancouver-bc,6,3,3066,House
204-2288 Newport Avenue,"$559,000",https://www.rew.ca/properties/R2226227/204-2288-newport-avenue-vancouver-bc,2,2,940,Townhouse
102-3530 Cambie Street,"$429,900",https://www.rew.ca/properties/R2226254/102-3530-cambie-street-vancouver-bc,2,1,924,Apt/Condo
3504-1011 W Cordova Street,"$3,249,000",https://www.rew.ca/properties/R2226336/3504-1011-w-cordova-street-vancouver-bc,2,2,1306,Apt/Condo
1512 Western Crescent,"$15,880,000",https://www.rew.ca/properties/R2226400/1512-western-crescent-vancouver-bc,5,4,3713,House
106-5983 Gray Avenue,"$958,888",https://www.rew.ca/properties/R2226294/106-5983-gray-avenue-vancouver-bc,2,2,926,Apt/Condo
511-1633 Ontario Street,"$948,000",https://www.rew.ca/properties/R2226427/511-1633-ontario-street-vancouver-bc,1,1,887,Apt/Condo
4296 W 8th Avenue,"$14,980,000",https://www.rew.ca/properties/R2226413/4296-w-8th-avenue-vancouver-bc,4,4,3900,House
401-1675 Hornby Street,"$1,398,880",https://www.rew.ca/properties/R2226435/401-1675-hornby-street-vancouver-bc,2,2,1119,Apt/Condo
1401-38 W 1st Avenue,"$1,599,000",https://www.rew.ca/properties/R2226490/1401-38-w-1st-avenue-vancouver-bc,2,2,1182,Apt/Condo
4961 Somerville Street,"$1,298,000",https://www.rew.ca/properties/R2226454/4961-somerville-street-vancouver-bc,3,2,1448,House
805-888 Homer Street,"$965,000",https://www.rew.ca/properties/R2226364/805-888-homer-street-vancouver-bc,2,2,781,Apt/Condo
772 E 59th Avenue,"$1,868,000",https://www.rew.ca/properties/R2226410/772-e-59th-avenue-vancouver-bc,6,5,2204,House
5490 Oak Street,"$2,128,000",https://www.rew.ca/properties/R2226513/5490-oak-street-vancouver-bc,3,4,1870,Townhouse
PH2-5983 Gray Avenue,"$1,248,000",https://www.rew.ca/properties/R2226429/ph2-5983-gray-avenue-vancouver-bc,3,2,1180,Apt/Condo
PH9-777 Richards Street,"$4,588,000",https://www.rew.ca/properties/R2226517/ph9-777-richards-street-vancouver-bc,4,5,2305,Apt/Condo
3555 W King Edward Avenue,"$2,699,000",https://www.rew.ca/properties/R2226408/3555-w-king-edward-avenue-vancouver-bc,6,3,2725,House
2104-1335 Howe Street,"$3,219,900",https://www.rew.ca/properties/R2226564/2104-1335-howe-street-vancouver-bc,3,3,1720,Apt/Condo
2402-1335 Howe Street,"$4,479,800",https://www.rew.ca/properties/R2226553/2402-1335-howe-street-vancouver-bc,3,4,2355,Apt/Condo
313-1239 Kingsway,"$433,800",https://www.rew.ca/properties/R2226508/313-1239-kingsway-vancouver-bc,1,1,536,Apt/Condo
6485 Adera Street,"$4,980,000",https://www.rew.ca/properties/R2227208/6485-adera-street-vancouver-bc,4,4,4353,House
6730 Laurel Street,"$4,980,000",https://www.rew.ca/properties/R2227232/6730-laurel-street-vancouver-bc,6,6,4652,House
1722 W 68th Avenue,"$2,998,000",https://www.rew.ca/properties/R2227099/1722-w-68th-avenue-vancouver-bc,7,2,1970,House
4230 Nautilus Close,"$2,799,800",https://www.rew.ca/properties/R2227187/4230-nautilus-close-vancouver-bc,4,4,2745,House
4673 W 8th Avenue,"$3,680,000",https://www.rew.ca/properties/R2227225/4673-w-8th-avenue-vancouver-bc,6,3,2855,House
2393 W 6th Avenue,"$3,800,000",https://www.rew.ca/properties/R2227413/2393-w-6th-avenue-vancouver-bc,12,7,4401,House
650 E 12th Avenue,"$1,895,000",https://www.rew.ca/properties/R2227683/650-e-12th-avenue-vancouver-bc,6,4,3227,Triplex
PH9-868 Kingsway,"$549,900",https://www.rew.ca/properties/R2227789/ph9-868-kingsway-vancouver-bc,2,2,688,Apt/Condo
126 W 10th Avenue,"$1,795,000",https://www.rew.ca/properties/R2227851/126-w-10th-avenue-vancouver-bc,3,3,1632,House
401 E 55th Avenue,"$2,088,000",https://www.rew.ca/properties/R2227563/401-e-55th-avenue-vancouver-bc,6,5,2537,House
1103-1010 Howe Street,"$1,775,000",https://www.rew.ca/properties/R2227233/1103-1010-howe-street-vancouver-bc,3,2,1764,Apt/Condo
